PC_1,PC_2,PC_3,PC_4,PC_5,PC_6,PC_7,PC_8,PC_9,PC_10,target_pathology
9.19283682622471,1.9485830708960956,-1.1231661613680348,3.6337308965179353,-1.1951101019532842,1.4114244489964585,2.1593698496884315,-0.3984065394558725,-0.15711149577725106,-0.8773942518190153,0
2.3878017957975564,-3.7681717421335295,-0.5292926879606259,1.1182638618977865,0.6217749658365138,0.028656354396436386,0.013358353977092594,0.2409880728293413,-0.7119082391680828,1.1069906747672575,0
5.733896279722537,-1.0751737967335522,-0.5517475960237802,0.9120826709508235,-0.17708592037022838,0.5414521557748943,-0.6681662433437402,0.09737317074274357,0.02405930616537897,0.4542675573834331,0
7.122953197689704,10.275589121616003,-3.232789552933135,0.15254702887341193,-2.9608784318816777,3.0534218377692284,1.4299110871574265,1.059564470700231,-1.4054522418091193,-1.116991497805111,0
3.9353020736805457,-1.9480715677458478,1.3897667277031867,2.940639345736816,0.5467474219884696,-1.2264946392254459,-0.9362127521001687,0.6363766929788593,-0.2638034154255072,0.3777061195617482,0
2.3802471503414218,3.9499288955212224,-2.9348767941348246,0.9410368704472387,-1.0560419299961035,-0.4510386435677791,0.4904451756155734,-0.16544375278361398,-0.13347608393042135,-0.530435846293452,0
2.2388833080540405,-2.6900312772988086,-1.639912929396202,0.14933988993847364,0.04035950042452274,-0.12894845501758911,-0.3015673785924413,0.08369743133618421,-0.08002336207397467,0.21914697374894562,0
2.1432985003753924,2.3402440068895953,-0.8719472621120046,-0.1270428592859901,-1.4274366772931106,-1.2570391810231387,0.9741001507917445,-0.6533381548428422,0.24818143172869786,1.0005820781925072,0
3.174924293086495,3.3918129518436433,-3.119985911709191,-0.6012970492097078,-1.5222904199120955,0.5595447080295858,-0.21510366441944603,-0.6873423125402244,0.5119255021944933,0.0291925483161059,0
6.351746789516224,7.727174066843545,-4.341915809817234,-3.3752015933415564,1.710263224748093,-0.7239086585230186,2.51984000442082,0.3651524712925035,-0.7174040639207778,-1.1656510304530925,0
-0.8104137708453223,-2.6592754976696344,-0.4888297920728932,-1.6725665675898445,0.27581159494844787,0.1273318545936528,0.6250123025275413,0.1657505671141096,-0.3013805855330895,0.3762326816220668,0
2.6511004772408926,0.06656792652571729,-1.526455298826539,0.051261559603171254,0.3319511073883719,0.7648666557425171,0.6660930194532478,0.6195451123284454,-0.40094390562643256,-0.33107507873394754,0
8.185034458145411,2.7009764928113777,5.730230806359044,-1.1122565503096862,1.0434704714693024,2.594571183472274,0.9414964366434551,-3.3217843456364555,-0.7477857889922687,0.3959530946703766,0
0.34212591399091624,-0.9682792608215618,1.7171715865362889,-0.5950029571898238,0.4680105501295551,1.0076601430381689,-1.7990810666401222,1.1066590129813072,0.26762496673394864,0.4395766756996631,0
4.342379194656613,4.86108331256635,-2.81611553533138,-1.4545570382681412,1.290062874175358,-0.34971621671069797,0.7428807120514788,-0.2809250389150039,-0.675099835769214,-0.1156551994531066,0
4.075656175337361,2.9770611803351814,-3.1252741517911127,-2.458070855514425,-0.4083421332884881,0.49577797197713125,0.9150568047208308,0.3025231303694073,0.45693526487619923,0.4471522842089894,0
0.23005501570803577,-1.5647577253031801,-0.8025191555335592,-0.6505829109309392,-0.494711073168457,-0.7621910409627264,-0.08684712073537361,0.02950795886805456,0.5032257763436969,-0.4996698786594682,0
4.418010915983303,1.418670333410726,-2.270319027678636,-0.1862724194706528,-1.4238611637276994,-0.7524892831646891,0.4419849517476089,-0.41376842657329804,0.018672778064077845,0.35662584060843056,0
4.948703550572172,-4.114333524887694,-0.31474911188510607,-0.08820651060384906,-0.056715209203914825,-1.137688907736824,-0.251283043018419,0.7421501856040513,0.4104526514735085,-0.5713142933879927,0
-1.2370633569520824,-0.18821495371724475,-0.59328349708255,1.596346097829517,-0.4421542320397054,-0.04863678929856278,-1.20168748200969,0.40362568524495873,0.40530254963042023,0.005928676487544498,1
-1.5781612348054856,0.5728081925427991,-1.801446704399617,1.1252757285039083,-0.39526973716541647,0.4308412473892598,0.33848356145793,-0.8619596016423032,-0.18719700654506807,0.36093022822303644,1
-3.557336373551715,1.6629499036257018,0.4511874462429732,2.07376468450247,-0.49074650078232757,-0.770068350382386,-0.1910389529040038,-0.24446222061027112,0.5468957386837485,0.007636919787373315,1
4.733210788220792,3.304963728334557,-1.4665366885610105,2.041150085655165,-0.026220126288852726,3.0230438587452304,-1.007179792030897,0.10463663096354398,0.16851781601102572,-0.24561168372747924,0
4.208524209055116,-5.128366513904181,-0.7524020228032057,-0.862710271993799,-0.47096790272385525,-0.5958404201710926,-0.07482813084633344,0.18025336862620314,-0.3641241449956319,0.6915450074733002,0
4.949632073981271,-1.5437522880943706,-1.7131939305819128,0.046759163171170626,-1.7392301750698502,-0.8128796173237494,0.8003053947510634,0.41990983855331304,0.8116777607503984,0.02147436864603095,0
7.098562854914659,2.0186103371075825,-0.029009633857078318,2.587950601455111,-2.0393399089548776,1.184201490268991,0.6018536948732994,-1.3074111485321698,1.1010115743428297,2.286275034210787,0
3.510262603984003,2.171625115638486,-3.894546412612493,-1.2957596790323982,-0.06821807004564345,0.7873573392401324,0.2899198469911355,-0.4959781426119155,0.11319457192105746,0.29544599700905855,0
3.0640538860640345,-1.8765523476996646,2.581747702013045,0.12848441421230292,-0.11666511649165048,-0.907595045400588,-0.6458348498827211,0.34047432144305545,-0.04391171263601523,-0.3965447402960461,0
4.007264143667591,0.5372421606200402,-2.761625633825524,-1.898387502692309,-0.5256729102755463,0.19284875004113125,0.1611301551552551,0.3788338038240314,0.3572955625491556,-0.5696251776532931,0
1.7153097265372494,-1.5237050230549234,0.14618709023458934,1.9113864138074212,0.5361232020787644,0.036259810224761733,0.1840307344372384,-0.21890367149131593,-0.3816730338894209,-0.036532327523936876,0
6.059445513501723,-0.7571774508697753,-0.34923939755704775,-1.064217539895424,-0.7461052128099213,0.24208037481933448,0.46197681457683265,-0.2920689697678823,0.2847402794213813,0.11831454344888942,0
2.902236104996792,4.005295512386633,-3.0014624597291757,-0.3253163749297129,-0.8553558468928689,1.2346793738088258,1.978087823971753,0.2026309676592065,0.564645656703586,-0.22996389359860553,0
4.5547826888071485,0.33753615384669466,-0.7543008060807376,-0.7003299782439144,-1.548545358361198,-0.19100758137800541,-0.8895841824537131,-0.24405768944347314,0.4429037379408447,0.14349625827022405,0
4.990602722476477,-1.1325889057062233,-2.577384168772063,-1.2172617853618435,0.669914880990157,0.2674790019009203,1.032617135672999,1.1427323487163974,-0.5667928308554021,0.24491071298310302,0
2.9853407889687955,0.7584232424954649,-3.493761716975151,0.05426028498208218,0.16709997476760433,1.0017865514229014,0.770772390269761,0.21032530138838287,-0.585649779095054,-0.07480386026670302,0
2.7663691577820955,-0.35435594242515894,-1.8969629971283801,-0.534255870227974,-0.8840204434279728,2.011035635255736,-0.7205957390332479,1.412633677224179,0.19696713313978176,-0.743747045505194,0
1.2961987650194842,0.9131962762860779,-1.575768674365476,-1.0431666387867942,0.41472171843952843,0.56859500089891,-0.14272097062100056,0.48862745039486183,0.3912376717387946,-0.38278488202681177,0
-3.7493133959425835,-1.4134731176635658,1.7323077922308068,-0.5654425503607046,0.0803394320379989,0.2902689314812742,-0.8050395230996606,-1.7088433625581991,-0.8924519833912546,-1.0885866330055132,1
-0.9980689008951522,-3.3512929233342583,4.305573834209191,-0.5612096116920579,-0.4643728435431328,-1.4944563959500083,1.2802544625917838,-1.4995695313568775,2.1023732003281186,0.011496835294223337,0
0.765264115403218,0.8862439528478064,-2.7049183133559094,-0.27477974567322555,0.8104293975795018,-1.037350883138266,-0.17772393911829687,0.19825623478104556,0.43153597678054334,-0.4389662281637107,0
-2.150953470721593,-1.9239916158137385,-1.180484157749159,-1.1131980238606654,0.4484717185065938,0.9291124673746864,0.04187258261220573,-0.0486433740674326,0.6671662180795022,0.390643815753857,0
-0.09333138656360859,2.26075200626429,-1.9047264804639221,-1.4423071231519489,-1.7053639397674347,-2.1226384512041045,-0.4969790732545199,-0.48445284654555587,0.9133193661691227,-0.4306974441867385,0
9.087999677258052,2.018673099299305,2.141226286694279,-1.0692440163642913,0.7979313752753227,4.311093676281441,0.43416568692509,1.3882354724661228,-0.3528298148392999,-0.9347972626427783,0
0.9904537655013294,0.9849300203673399,-2.3107336553713895,-0.27682550986516574,-0.6405109735857611,0.24278170580383832,0.6137735828142186,-0.06786839323446704,0.28275982786850556,0.15195645609623168,0
-0.29354655093053345,-0.13709909086738342,-3.301931922505664,-1.0097858632806223,-0.02251090646346239,0.11014619205547913,0.23360451598026194,0.17502603720915363,0.544918094022782,-0.2069193798728535,0
5.380940406938035,-0.13487697771498997,-1.6788425652117065,1.5076949164748499,0.15199816783985448,0.4239047770267995,-0.788174899847783,0.7907847941526576,0.11155724814116583,-1.0560522165395845,0
-4.581936672189072,1.484220317788394,0.042074611715051155,0.2962291276276401,-0.7138524975541218,0.5759267705569217,0.22320191867793315,0.8683336921690884,0.32854571033388213,-0.14580354929550499,1
1.700006886829356,2.3522717935786064,-3.078089096873408,-0.06602095180888666,-1.0564664331458433,-0.28210963777505166,-0.16062023002026612,0.01895920468844555,0.5923255645935543,-0.10543148164169536,0
-2.1364452772851052,0.0958296095471407,-1.4924118875024242,1.121063202932111,-0.06803719187054041,-0.6934917209290448,0.19733366750381992,-0.04007824704751989,0.41981077466392275,-0.6174350718453095,1
-1.5674789971968972,-1.2084332137344216,-0.36915910411531117,-1.4756288188324784,0.1727504286397646,0.5452838986598746,-0.6844792003714102,-0.556352498205581,0.6062436596821114,0.19897613832252278,1
-3.5429055574667916,-1.282495578499385,1.0182109354646875,-0.6081562394041603,-0.21963592154318723,0.2662478893864921,0.4540371072394053,0.12396056812789447,0.25960749702574537,-0.4347280619064028,1
-3.1578140501791263,-1.6889585955340962,-0.49629371723314747,0.19401210180288686,1.4399175553370978,-0.2565387310678131,0.44533550104438135,-0.057930554328277886,-0.49250855963926365,-0.24123848877694823,1
-3.45048854351502,-0.49821871414514224,-0.15251795748206795,0.5754864201436439,-0.052314888607556544,0.6298908757581211,0.060827026272074126,0.5113224162796649,0.4139882977698456,0.8237754352033448,1
3.3025509513694074,-1.1309378050521435,0.8263925978232888,0.9827170088779462,-1.1952630026633966,0.707849709897377,0.6485101437240394,-1.5391143798802023,-0.6148375532541916,0.08867627380771421,0
-0.6746192855648137,-2.1164097168539335,-1.3962197483167404,-1.0431386767417576,0.24181677923465486,-0.6566550760480235,-0.21545320343261512,0.2076976018797687,0.5057874538174508,0.10860585096979648,0
-2.858158440046711,0.15272313626014347,0.4289349407571609,0.4830603175878149,-1.5105365983625865,1.2788638874743832,-0.3929083204738959,0.7460729670963128,0.3014188288024745,0.0752263023193353,1
4.648738872437682,-2.3103325702467044,-0.7288088560216268,0.6399416902620229,-1.1583244874812193,-0.17859183256973765,-0.18550650987258172,0.30950516585319704,0.012545704293986402,-0.11297446107003463,0
2.176862882221436,0.9721160459136194,-1.9438883354631602,-0.7373182894562259,-0.3957838345521052,0.4623340971203314,0.5366821132093323,-0.9520155063245523,0.07343833181665832,0.1943434131260088,0
-3.7214589928294957,-1.7876416504326424,1.2799328206891172,0.11556576518757794,-0.5262823167892784,0.7057399315232914,0.4878068951770785,0.2979860703914706,-0.12737190426298164,0.7369138674199868,1
-4.135962943804696,2.4037924853749977,-1.242958409579564,2.048346467754402,-1.1656524172645806,-0.9010594287296151,0.4068302425202557,1.2261393347476794,0.3459054153652595,-0.46467854250717777,1
-2.385835663122524,2.7576581298166905,1.2140856333589845,1.7944891433099988,-3.3381580315850004,2.5407836841624762,0.7464373503139389,-0.9107417670853177,0.26243724474908325,1.3190493548714863,1
-2.5788832519779756,3.1386719226983977,1.4002801828646256,-0.7638665292246262,-2.78409547983687,-0.8157356169604371,-0.39625806136355557,0.23093764327188007,0.10304182923023834,-0.9281089515265621,1
4.759112153854046,3.0116805062738363,-0.16624072562063633,-0.6058278269501884,1.1417013456480418,-1.2200670909282487,0.8200237197002159,0.3310325829205751,0.5286480972661161,-0.4859632664136178,0
-2.314132249377712,3.2679896791970564,2.7962242453356825,0.5657264315857504,-0.38183406546022686,2.958283547190513,0.21056494923943017,-0.6279780890536487,-0.23232890612422194,0.041393765200818125,1
1.6916079231602965,1.5406765570489074,-1.7998452368821933,-1.3905895707248408,-1.2126749862291837,-1.2432108406578575,-0.005788225243868864,0.3860458139953757,0.802071502433973,-0.18191670142142186,0
1.812305405004309,0.7227401911480119,-1.4662495707219843,-1.1987300447345386,-1.4280415871557421,-0.7280624566020134,-0.5314261798457647,-0.4748103828476602,0.003939728960662757,0.17303500002651545,0
-2.785924756665654,2.310648712332161,0.47272530372959387,-1.6071602869146995,-1.6128581441397485,-1.189573465202533,0.1695271636830789,0.02985119540440669,-0.11124341926359653,-0.2715528368433757,1
-3.5186483396464805,-0.6583094692414904,0.5913749617638252,-0.01080268785039323,0.020589111912352857,-0.40570973815159345,-0.5269919768989968,1.0830246194325555,0.42780253642835475,-0.39157828192480254,1
4.330002649072154,9.20252568553226,1.4929628271997863,0.31994729690814927,4.728170492120326,2.2157643049151514,-2.581059433239457,1.2991512659812658,3.7841096807957717,-2.7381674197905506,1
-3.2612794727717764,-0.9378381203240258,0.20513001392311006,1.0900715256990252,-0.4603499352558445,-0.43432904454805255,-0.8500758991474162,0.3351653380812116,-0.004982878313966844,-0.3107168031287374,1
2.704596172631908,-4.437141769644829,0.3073453843703079,0.4886928519620311,0.37249501398369567,-0.2918005149359963,0.28349280667268484,0.08626343035382247,0.3271551137209718,0.0333485761362526,0
-0.30785577045486734,7.387812177249336,3.819085978678817,2.1335558397432757,2.7107026492960444,-1.63975842787841,2.4283599148199255,1.3182641822095464,-1.8851071878901204,3.192677839799192,1
5.503705315286439,0.9383254150534298,-2.2101316469045313,-1.5237960384922753,0.9248915647978047,-0.540061543002012,1.5638654310106566,0.5941865893498413,-0.6731060771244098,0.06116727173783664,0
-0.36170919269596136,0.11973908631265644,-2.040955790073229,1.0588839748312706,0.7571093887574856,-0.9204476053155505,0.6977864628260023,-0.393381476232344,-0.35822373217278797,-0.14755627254774414,0
-2.6299766385628436,-0.6973093686237078,-0.583941636539304,0.33818159953085003,0.46754543230695655,0.03486894932734075,0.12012456241004235,-0.46037707922080734,0.31497194801174977,-0.015552726992211881,1
1.4281675928911197,-1.9671014119523074,1.1119388545434816,0.7529108853585265,-0.5398817431602627,-0.9955632524123715,-0.9089200871412818,1.1013284401487065,1.2458703576616135,0.09273469359608315,0
-0.834517881485762,1.965604864346919,0.7904325372752127,3.43763120170602,-2.354550943238703,-0.6131015891549474,-0.7763539805820565,-0.2470570834017436,-0.7735081097716486,1.5180346761516523,1
6.230896511898295,0.9200695426032018,0.0898273125362886,2.539158761485719,0.06213588637914404,0.683471445369855,1.3998068038852662,0.7198760742792122,-0.09675547928920164,0.5090015294800246,0
11.66871464834932,4.7486172026184486,2.0058790512575526,0.31904901951761405,-3.3913609037568184,4.880799037424892,-1.1554938464584064,0.48350510749300474,-1.171410101849623,-1.324871726538515,0
-2.0215776584288614,-0.25489983391702753,-0.6478720073325961,0.059251302906367403,-0.05484784245244082,-0.07241378483428468,0.05370277933767991,-0.35617871137674095,0.04887907240569778,-0.1078418505237774,1
-1.6383849373602246,1.7159491138996077,0.4342062601310666,-1.5279662292721188,-1.7693816525855555,-1.503190969642597,0.1436875392490566,-0.48668683866252166,-0.1224822555730583,-0.03905792796040036,1
1.1674616110776135,2.514515849962831,-1.9057187540897607,0.6383115272698443,0.23618110973215767,0.13813368885746163,-0.3266791797770847,-0.15205377157146968,-0.22706206749459049,-0.5040546842587851,1
10.769242819266987,-2.257982898135072,0.03883578824848029,-0.3893855478475148,1.1872885565979758,-2.188160332303869,0.035602436848303755,-0.5475603327995645,-1.6493150376869214,0.3965132395567668,0
5.034811085467039,0.7744091563303312,2.682338013299473,-1.666504118854128,-0.3116196615023006,-1.4225485674832001,-0.043255975604712754,-2.014541980492193,-2.9693455527418164,0.022261358763851085,0
-2.174464309543861,0.49687798486238705,-0.9490918097508186,0.20721922256840902,-0.8853460500573275,0.883040226997679,-0.2553125751592066,-0.23019619087631943,0.4240242309037608,0.14790474726124297,1
3.288235384712748,-1.6682370620597766,0.14693184492783254,0.43749300973787053,-1.368569921080879,0.9680275806326264,-0.15380552078457882,-0.19229395531578747,-0.08352707042041925,0.44303758437008933,0
0.6076079451800939,0.16221452500761,1.6373748710864415,-1.1145116399607988,-0.5407952209934208,0.5678595134605013,-1.6627843757818184,-0.3495574124424002,0.5720291418188455,-0.12115919769378841,0
3.5835636260632278,-2.206661839178926,-1.7045355938134064,-0.8012938747957399,0.36532207558852836,1.5614640562403657,-0.19854299685354093,0.6435911719488967,0.18400480826622354,0.46278180394922586,0
-0.9341581043933038,0.9277014809322175,-0.04016365297266486,-1.353398884009964,0.06494214177187696,0.22389926229145413,0.07698033909258485,-0.14890765281502227,0.2624835092205257,0.45596763037757126,1
1.2596046473406526,1.015577070160786,-0.08059284921307536,2.0513348685457813,0.13752033016326523,0.8430410122716933,-0.17380755192823535,-0.6145524892795089,0.28349733192507687,0.3990465499561511,1
-1.5882639721775684,-1.6196568284340362,0.3099992096174695,-1.0919988901404627,0.05377410725675918,0.32580460320808363,0.2998142082737491,-0.12886476087715146,-0.24652164853738315,0.5215249460300767,1
0.25249756752477737,-0.5313515473134146,0.5893278256995684,-0.11053834151742081,0.4286811313269659,-0.19963461930055945,-1.727112708114433,0.7867495747589031,0.11684651488558706,0.14425119882760395,0
-2.8474315866905835,-2.8936475984070107,0.5279888448398882,0.5988167304479963,1.4356969709923475,-0.2923671469121201,0.09586504759448246,-0.41408944404444203,0.3908700320881254,-0.5904773902268502,1
-1.9649501129328093,-0.965156988028604,-0.08120810510077812,-0.09408073886697862,-0.5500239148063465,-0.32139640118100865,-0.5682538802469043,-0.3960661862761477,0.058161565154696504,-0.49167838761625027,1
2.77586556900816,0.558000526767164,-0.6057712498455657,0.4998300151319598,0.49990563996822146,-1.0676466187989,-1.0430722539925792,0.2838122460371473,0.6384645511480701,-0.29722473688707085,0
4.396227954701304,-2.123507712208315,0.579510008312378,-0.777413402239615,-0.30383406424808046,1.7851251580115328,0.0004248472342752172,0.29276457075892065,-0.5808824762129237,0.49960121234145577,0
-2.59208282780701,0.21363392991074603,1.0356115159680708,0.662005446108702,-0.5407643570324289,-0.09693818550132688,-0.02254508610969306,-1.597704248104223,0.17958637003002426,0.41032376110299407,1
-3.9043381501535603,1.1900666337879569,1.551981183834445,-0.9357754788051234,-0.7081204193784929,-2.354003785633296,1.1167659046059928,-0.1485836765501907,-0.907412718751005,-0.31678504855564643,1
-2.8182312131519,0.36788398119655125,-1.3514356339836824,1.7384149212550655,0.28432147214432535,-0.43128263947418793,0.48492354746195876,0.2909502816571989,0.05733762174077708,-0.38285166399265175,1
0.6162808698294386,0.6389116690259163,-0.19991887276802064,-1.0974987704321502,0.11868972889631413,-0.8539389933162754,-0.5065155861786799,-0.6349823657415512,-0.23734803756601694,0.13941612360299716,0
-0.4328602208096125,-1.3920442987317794,-0.08271948062058151,-1.9352799083032635,-0.03446052995055299,-0.5963271447309829,0.0029671755376357617,-0.06265697135287264,0.7984309750741826,-0.2097124495041512,0
-4.5550288404503565,3.528786017873125,-0.21526396062521902,1.0918856962477772,-2.758349005205207,-0.9004926520457762,1.4128941944708755,-0.3246205769893697,-0.505990869430526,-0.19002063899444194,1
-3.448183541212253,-1.4246224556711338,-0.08872400233118137,-1.7107277795323546,-0.10661669661368806,0.343239311428865,-0.2380068250993671,-0.5137965623622518,0.4551780287751751,0.15301388036676025,1
-2.115960264026243,1.8493736050890628,-0.5566739770303187,-0.46435637785939904,-0.4749143216895638,-0.9919191743158683,-0.5089250032479333,0.05186269301758307,0.8866864203694115,0.16746504802072965,1
-2.6913522049628638,1.420061739930241,0.9691507735351432,-0.002859526806864632,-1.2565183727207605,0.9415787206289369,0.1579389750907872,-0.5929582792476156,0.4783418211884204,0.6489273768400061,1
3.213916765166876,4.046756222627078,-2.7153844559839095,1.3286253358769364,-0.22167316142519647,-2.20479475955779,0.5194749363734392,-0.9202992681681876,0.024789946126869116,-0.5971974064868738,0
-0.7492713563457432,1.7976385171810445,-0.568365804476398,-0.5604989834024376,-0.9330960106249288,-1.610187049572029,-0.4983501916402407,-0.4532428913826995,0.5275687578864846,-0.4596239409588565,1
-3.1590060374069866,-1.0357494267918237,-1.490684161846327,-0.5931683738231882,0.5140858361931469,0.3599158712209877,0.12324088513465438,-0.26379327182380213,0.2898768085937107,-0.1760458342607456,1
13.056121858645408,0.9815132263576387,0.5988126694705287,1.472930976805905,-0.5999130869466507,1.0217591452728438,-0.09549201252987312,-0.7686199897434528,0.6275609156403804,-1.09887888009461,0
-2.228679813448812,0.6674106363356354,-1.0915603431764753,-1.0783017165906459,-0.2991291343845976,-1.4408755830330346,0.2117553742426288,1.3892959816573576,0.4489040872372413,-0.6295683308268559,1
-2.492831035612532,2.5986862679695375,1.6697255605502626,0.6334860028383958,-1.156747508856546,-1.0964081888375254,0.2038970612576337,1.2200369763292767,-0.5709838486370268,-0.7433179655063734,1
-0.10335042641758355,2.280143536844448,2.109562789128863,-0.35184599201991107,0.6224819803244818,-1.4599863384383194,-1.0410340783618353,-0.12053751538259783,-0.22736461231948732,0.3364559991792321,1
3.591294118703434,3.926333155345065,2.047006734510305,-0.2317663375150864,5.465263861723373,0.8338569595856176,0.41153612422949715,-0.971155645972037,-0.5357668751367515,-0.24863580537292015,1
-1.348948682869645,3.5562251004349092,1.7321912763102794,-0.0469907412114741,-0.3452510282776356,-1.2628874269888375,0.10585564575827333,-0.7143267926052659,-0.4106730706568303,0.6963527466388396,1
-2.5101176755679746,3.2513195034020335,-1.6876243992582967,1.1899614183894573,-0.45558711299673765,-1.7079420177643814,0.5124384193375621,0.33776070770911665,0.679451214735781,-0.49147588728307057,1
-2.0460295724593163,0.3048848666829503,-0.5338387078636445,-0.4898417508843054,-0.06791212015455582,-1.3389297798154973,0.45991182103449363,0.4889386120713751,0.3544072871579908,0.44182630896859615,1
-2.0970691694603585,3.6670958835161422,3.632200478188898,1.5397868492203908,2.2365298741113793,-2.2957057864472494,-0.9194046098681516,1.8997573254827644,0.15436958616528787,-0.44508982330751307,1
3.110527693352445,1.5693895562204165,-2.6139361235787058,0.618467727131589,-1.181779277425818,-0.7682309658408207,-0.2069776302789822,-0.2098125451648303,0.2848141701769564,-0.033478631481312575,0
4.956725569993406,2.384846218650365,-1.9351070955367449,-0.6108412314454189,-0.14820973535203893,-1.4938059649153381,0.426806847730567,0.2757697614532145,0.35788409907782576,0.0965233238881991,0
0.8510142626685657,-2.3067353674993907,0.5674619200678093,-0.04362525049201793,-2.0940464994063324,4.979535821102092,-0.992641622225789,1.0451254150257718,-0.48386073272526586,-0.3710401714231521,0
-2.965999206630331,0.37150648221930144,-2.0665331613120976,2.072506298122414,0.16303767993590013,-0.4383858211750755,0.05698436434934162,0.46405519965889913,0.2459419946094488,-0.49335292997538815,1
3.33413319801915,-1.3255573541244217,0.7280136634961776,1.0031987140628114,-0.9337069438406448,-0.5801239744161432,-0.2507704941891694,-0.36204806090834973,-0.24209929893946516,0.14041131826337916,0
12.894612133960552,2.316622464188145,6.328697004224375,1.9422039906658857,-3.160227691467042,-0.9470534257421258,-1.29687818728094,0.7927569252056411,-1.696471138609716,-0.07773070720207756,0
-0.7707436775291556,-0.06410921997349067,-1.1344087959310725,2.510463103864227,0.02023703700488377,0.1808526871110964,-0.5034843254853687,-1.2958562604040897,-0.09160499956494104,-0.36369916541039204,1
-2.2025155237793013,-0.7356052301934091,0.26708009878081446,-0.03761951859610126,2.9340365264284114,-0.2474677652408015,-0.19145537925563103,0.07076043473149553,-0.19816090549223433,-0.4731572441441209,1
-3.143412245599999,-1.877409026650302,-0.6703690397862007,0.3033319221172321,0.4080694128091546,-0.22712006612208405,0.32162729839976134,-0.27020023383283304,-0.17126463159888375,0.2948986746827387,1
-0.6388804999607436,-0.91136602875804,-2.1427241643924497,-2.140915648141368,-0.4291397956794728,0.14888218485036864,-0.04163093913056,0.27226840103283945,0.7725930167384105,-0.05888479133142394,0
1.9191334226490884,-3.538082368373225,1.2549245268550688,0.33599908253305033,0.5890689553201928,1.4685278681617921,-0.14472348172996952,-0.1722570668979195,0.25372141111463153,0.24508810573544748,0
1.408868363394255,1.3049294063806316,0.6414287731486783,1.8869563637432827,-0.036251946775532,-0.534297134216157,-1.2663727401518343,-0.7221414298425076,-0.3858148785849919,0.5939493819468751,1
4.643691316581473,-1.482017169427879,-1.1706805538667249,-1.2186055269987393,0.17807257328992088,0.678661556742787,-0.7409596670654116,-0.6345770525630171,-0.19613940378353248,0.762268086949591,0
-1.8774673636181658,1.4232306440537,-1.070812195159365,1.709332966832577,-0.8845491004265561,0.6546274175304497,0.31473592653426125,0.22283526440727863,-0.6836959201137789,-0.006878168003326738,1
1.4320694267948715,-1.0496039490600881,-1.2620113195617133,0.5331890524003005,-0.6266965694929767,-0.7859161538462855,-0.6215554692351234,-0.21494241213399876,0.6695937584101364,0.131055030521572,0
1.352627025403366,-1.1541414716607663,-1.209793263630332,-0.828106503500868,-0.9868073250425721,0.6869748967662005,-0.3135078500655811,-0.5253705811684325,0.3341592212873839,0.7125970732892017,0
-0.7091148317204091,-1.5682323235118436,-0.6699940889228884,1.6872639544642984,0.33931481264646995,0.24635851682441284,-0.8395508468755747,-0.5256817535109914,-0.23263314744696637,0.24161411076388953,1
2.1714160183028643,-2.82626072613196,-0.5621074934893445,-0.6608316215803285,-0.47497013651949876,-0.3844465355001901,-0.13889381793907563,0.4009821038136085,0.0157831006623669,-0.14212484381262078,0
-1.9768403553183895,-0.41938744691044527,-0.3805751687711,-1.739460209089379,-0.3086381559391396,-0.7122804187848,-0.3173614309815539,0.42342657813433043,0.29634699568079426,-0.16623677446126237,0
-2.6007895040203146,-0.48233546746672773,1.8723727109481718,-0.43801832053773077,0.016082794236414823,-2.041009375612634,-0.004721046539012113,-1.7469032498933839,0.054060841341407866,-1.3418002330972707,1
-3.258007359466205,-0.41832140568201925,-0.6918056275752198,0.6598536101344704,0.12156622460891822,0.06728870575162317,-0.43906896837111503,-0.6249778444799826,0.432171159864117,-0.1859281477242595,1
3.7820264555688343,0.8603815973875082,3.6710006883981006,2.0478201715077287,-2.1837900763410363,1.4742366968960057,-0.5633487773319256,0.5559092010453645,1.434369439039244,-1.8923155458207472,0
-1.9920347221488115,1.3293551725068242,1.135244546180171,2.0464332032257646,-0.2521277450519534,-1.7570828018249316,-1.3958721803984215,-0.6184844550264266,0.1940223328809259,0.07838953051963889,1
-5.015008689983614,0.5746999790447871,-0.8424381493442832,2.1696626757458075,-0.8820021954035955,0.9319354971680609,1.1334910471775075,0.26485752078558356,-0.047825468097537696,0.4229685491024456,1
1.3450204377403443,-1.2747709560563532,0.5558435484385097,0.5748715230059005,-0.47084924097755443,-0.17410009926369804,0.5623464875122188,-0.29730833327441547,0.16278149452668472,0.026180254626504453,0
-2.4559688106810107,0.8984552924293453,0.3531334831377451,-0.3679915906666454,-1.1042868004790052,-0.7788873125788577,0.16926030275423526,-0.9777851808211154,-0.5083043182757215,-0.664574692499704,1
-1.8372816695158218,-0.09102676544865425,-1.4452808649435784,0.6725485430661998,-0.136198922730837,1.0742421387676877,0.0990552773919083,0.37315126871220844,-0.07121630512252052,-0.2545012181432151,1
-4.346489712230339,-0.893572266179169,0.6392560337086235,0.4256269085103842,0.9564423672941049,-0.09919843502528412,0.3470501244868046,0.14757269240370566,-0.015477956287056185,-0.7727090025380032,1
-0.7328129161429333,3.7021823827838385,0.6585050163751981,2.2361274637024606,-0.33646746040883546,-0.38253771601787023,1.3619834743571546,0.37165842280996875,-1.2072509865222116,1.189587224779668,1
2.399997843160777,4.837988819832422,-1.0281570348731555,0.3429168384463627,-2.3918727045328096,5.134227817089881,-0.7879234925776901,-0.09760615142515233,-0.0862640689319024,-0.639081386848336,0
0.39309866393789167,1.0830680631078278,2.2476055084804387,-0.46185859983899324,1.6916285727684301,1.5552200439569097,0.673748868342983,-0.3199428565979817,-1.4190888082805326,0.05653916364874324,1
-0.4123278127903025,-0.38963131708753496,-1.0457704076854806,1.366245696097113,0.8635070909269957,-0.35236014282821304,-0.8862287731634322,-0.37293298002536174,0.23426192123373157,-0.21656287156126994,1
-3.0499249404496767,-2.237784522273806,-0.4694529814030664,0.18277472856400012,1.5758460446647322,0.4088015349811824,0.48999033495833755,-0.22392275757803623,-0.05326783651031064,-0.13094361053379355,1
-1.4425637316057165,0.3058704494693907,0.5515478505213839,0.3560740425029474,-2.7029190479182854,1.499707692861804,-0.8312799269681158,-0.8061968166159951,1.0339915316541395,1.2005886135761132,1
0.08318610260615614,7.150359800003373,-0.06000997154269488,-1.8030818056758715,0.7381126370707668,-0.5642204540256441,1.6258066276803016,0.6078772635917854,-0.2831250839552414,0.7000300015138552,1
7.093306714206478,12.573194228687095,7.358708087400712,1.2253415428073906,7.490433701061043,0.814730618515194,-1.6810481113512983,-1.6141807011539069,3.688008452520138,1.0746463211366155,1
-3.743404542997482,0.2505015267663021,-0.09738325268719396,1.932147088133675,-1.043591549731305,0.1542178415823478,-0.5852945904646076,0.49218251194403384,0.21330353533023483,-0.06357633493422919,1
-0.9691728143664586,0.944944302372796,-0.890811260067201,1.0965323073282935,-0.6135024151365366,0.9708910494256584,-0.4279963523488717,1.2773117765227435,-0.12194358180260566,-0.42700892810440866,1
-2.4187199081240327,0.005552412967478542,-0.7983803844513869,-0.0708920697469056,-0.0773098840613034,0.8655064652076329,0.10702079232022416,-0.1093366818730464,0.45392939080407163,0.4913539479711353,1
4.100787726584804,-0.3788038202592814,1.4463175303080285,0.7023685639144458,0.000664995457726311,-1.0360963627404054,-0.31772082377410477,-0.420722237560047,0.21368502666927117,0.28722011841926803,0
-0.7516030055354285,-3.0706486585235306,1.4491816769897001,-0.9534258706664921,0.891928717590668,1.2972366010665772,-0.22158759522248117,-1.238309488307909,-0.004757161423648702,0.07689502369756432,1
-3.6546465282564853,-0.6746487418525402,-0.9069859866786723,1.5111613078935227,0.2938121138352554,-0.4139518798232248,0.1420718555672289,-0.12181001367352515,-0.08403602010694967,-0.14852892620871935,1
-4.6802115760185945,-1.1038572476018589,-0.2573081770421656,1.2464757098042925,0.41461840181369725,0.15341615905105477,0.9062287186892637,0.6239975693427263,-0.04496794730118178,-0.3465029006490312,1
-0.5977817666041176,1.7856508751885547,1.4817359706641662,-0.17787223821751474,-1.5892265403569095,0.5892961329554602,-0.03491859028631626,0.01543316047285669,0.1863929954812911,-0.2574977611545384,1
3.3873307646422504,-2.911037107159553,3.007237757097393,2.828287825036431,0.5083464997375821,0.5893892088763479,-0.8318225243080558,1.0185687108810755,0.5236225520093771,-0.09124831911419638,0
6.149886189964872,-2.0176527547136183,-1.5661437168168277,0.9716460642726914,-0.3363698880429738,0.34372463326995123,-0.07077612769820704,-0.6422612481292603,-0.01365640785597381,-0.3987185485935712,0
-1.3250313470426065,1.46929402450799,0.8484213776388403,-1.1427664665604234,-0.04782175209049179,-1.8916327564337452,0.029067332137398098,0.4182491686949158,-0.6300503937823395,0.05781993271936123,1
5.494152797671711,-4.165829305534662,-0.601260768838418,0.14969970180308145,0.6255664104331217,1.0430387801315364,-0.07048442983082867,0.8329166916802561,-1.089385854893259,0.7428567003924279,0
-2.9974032071279146,-2.7388610518094825,-0.16118377857348554,-0.41316980019346444,0.40554615509773007,0.7240925519519497,-0.4227454555112294,-0.13851920500069154,-0.4556919237820323,-0.05073910170046828,1
-4.386732721113019,0.00687228124748805,-0.9481082379632548,2.798005778820267,0.4457308772152362,-1.6880824516888662,0.2823636923913525,0.372643880023564,-0.11054964951882143,-0.6649464105107461,1
1.213634612149512,-2.0390389573770284,0.980696177545601,0.23896611439191143,0.08576867746735521,0.6266564116710471,-0.3519402926026093,-0.2575631010954308,0.09814994427130097,0.31002898042691973,0
5.069661081468216,-1.785152334298619,1.1736470680761864,-0.6937328347392671,0.6486555781257145,-1.9783923523506186,1.5988722945571807,-0.4794261262389008,0.6595077174263492,-0.5993799868144835,0
-1.9777014396306722,-1.8427794206413641,-0.27735975966651877,0.5497499042068213,-0.20689630168636547,-0.28386446291473405,-0.5541365347528302,-0.9135957988864171,-0.22369282036774613,0.3788173237036354,1
-2.514876418888421,0.11425229891314748,-0.49662277131056637,2.3543471205827062,-0.6893749457359456,-0.044258961256117224,-1.0484258818358432,-0.026297347935334146,0.5061776579426941,0.3350107110738974,1
-0.947487891746443,-1.6847535463930918,-0.3511863413213867,-0.5772107408001527,-0.3415421249803819,-0.4226386446680737,0.03577321190233003,0.35304756609840404,0.8088436553022486,-0.4806818025510936,0
2.819368343462713,1.2651031321678416,-2.1531442414024404,2.7084590438192278,-0.040044457869788934,-0.566273836919784,-0.2674838004419145,-1.065414336151041,-0.0933281914512893,-0.6390853518686496,0
-3.483986298014915,1.6196919826246716,2.6754693904734608,1.253613806740824,-0.5989814030366769,-1.343876618915291,-1.0274302307494156,0.44332451349792684,-1.2900978990488916,-0.23482315707170712,1
-4.6587295779669695,-0.22291481507049699,1.5593586608038612,0.5110923206083086,-1.8969408552522415,1.3473176286753235,0.27256851341304217,-0.16455132794215171,-0.6699086244051194,-0.5375478159461909,1
-5.351618114936233,1.0267578586104058,0.324985923732845,1.3686824292853537,-0.9186613798225675,0.22103696276791326,1.1251522764133226,0.6379670130099165,-0.4250257326736157,0.05780377970600739,1
1.170897778908143,7.01448657871568,4.271861990720811,-0.3326398215455519,2.9094447551490834,-0.3891476229507406,0.7141964277343614,0.502559634033595,-1.2499811494731308,0.15122329187688024,1
2.956301867149317,0.7064218521281439,-1.0423354417397157,-0.5221495698706097,1.4136356014877907,-0.26894307916599036,-0.9953718689855451,-0.21772924699249765,-0.23135098653563343,-0.4714360079909653,0
-4.975702062160974,-3.3862048673707106,0.4398384107557461,-1.577569982691752,1.0337957580128037,0.9267816021355069,0.4523862814400903,0.09181573527527057,-0.1794974987530091,0.10223059446536288,1
-4.064025658739937,-1.2461661742028534,0.5744778360192092,1.7053930716200612,0.615864452149819,-1.5091337728381533,0.333293728988151,-0.07764481563789585,-0.3965942597377377,0.2637067713542753,1
9.512669844158141,-5.603484192768178,-0.6372394047223923,0.22422119563721504,-0.4065435279750071,-0.8366142816995692,-0.7146619798901744,-0.8026286493861232,-2.161748533053858,0.02911460931518639,0
9.007165526298092,0.5810310772520674,-3.134715196159013,-0.8622695979217359,0.04572204570689118,0.7257742672222227,0.8458912050884113,-0.5915390614519012,-1.0156209307105135,1.2026522252337564,0
0.7588784847615526,-1.6085325756461586,-1.515095713668951,-1.0760600279672492,-0.04923462206715203,0.09433167947342143,-0.06081168259194903,0.36557688675275324,-0.1206952655201207,-0.411570448670807,0
-2.659359615360803,0.5399358008454697,1.7070147061150123,1.2017513085606701,2.354741875810455,-1.0044057641425854,-0.26688990360566756,0.08946194242870356,-0.08503261667487189,-1.1925263008747164,1
-0.39001898105471644,-0.9892423529326683,-2.5851692409409353,-0.7845271916246628,0.7343112373175205,0.18373763707958754,0.691582230400015,0.21482853592522763,-0.09686721329326693,0.4609496871935372,0
-3.889065527188247,0.8160717107957361,1.0157172669348584,0.8249184563424478,-2.133572756951224,-0.793724384490805,0.43744365856096074,1.901952356085177,-0.31563469940436467,-0.1042279698547912,1
0.3648761518488158,-3.5744612259023767,-2.2239785342186096,0.22316804501005807,0.7785309314203457,0.5102303133195293,-0.5627932846687317,0.23543726423437003,-0.32561623378400356,0.12469431475655711,0
-2.8358909181564482,-0.3987296940274445,-0.34744508967188786,0.8132475230567224,-0.03928070852717112,-0.6355226202835693,-0.5978511803596773,0.16082235573165166,0.5411888719690172,-0.5136361591786646,1
-3.3102836207346553,0.15574119505295764,0.5414789450690606,-0.5124839126129329,-1.7878790896232093,0.6958503141758512,-0.9106875503730738,-0.01985482381392768,-0.5342709944369158,-0.9633954770940494,1
-3.3573044025553993,-1.1037324235505117,0.15208980611582584,0.8281880246716844,0.7342592619344652,0.6926264098398833,-0.18774922333240274,0.31689105961520775,0.0637272520652358,-0.24325434899794976,1
6.523116620277951,8.01116961143564,-0.32642370101455087,-2.7717985241392844,1.598931826897678,3.672119357895811,0.4671997368781838,1.3225054412730646,-1.946385758625998,-0.9469264276660745,0
-1.7177351761060158,-0.543165527253793,3.298375253515956,-0.08733074504548029,0.08417355818186427,1.0050589318890137,1.0007101329947876,-0.996244348200331,0.23253215185004564,-0.11899115814118046,1
-5.565735898996976,-0.4778475790418321,4.127462738238534,-2.352490754242059,-1.052461103139889,2.0935021981534985,1.1673880142829363,-3.95316631781483,-2.061167107412056,-2.6720186134626656,1
1.7796614892272977,2.7765871696539737,-0.9427628480483301,-3.0743522023292944,-0.6951330682723843,-1.2013657076789594,0.6288404865334495,0.45790446216157105,0.252402702708764,0.022224611705160942,0
2.611484893166887,1.5614217092388667,-0.21818695246994801,-0.49277526368063285,1.1043873847007997,0.00581857522393826,-0.8639182199319927,0.2050067653958899,-0.3568727533697608,-0.4115896601297,0
-2.819038509611801,-0.9701105669657457,-0.38259143926103023,0.4637906025661176,0.5517868335641986,1.2084608358484663,-0.36626005996541594,0.11381626308826062,0.33022403218282886,0.19803876087653985,1
2.4984388777266564,2.278482852129132,1.3194785747132451,-1.1808385505085095,-1.8997302634791804,-1.7001027517760043,-0.903839335733386,0.44737240862104094,0.34004233288942826,-0.7983054666623094,0
1.2770271752814473,-2.4432589644337486,2.466316981253051,-0.1298905610856837,2.1553060942876336,1.2180658178804218,-0.01817784868865681,0.1786024948145443,-0.12500482381803701,0.5858737774324003,0
3.4731973428576235,-2.2778489099631236,-1.2386840632086153,-1.1131409716354654,1.0092590378550013,0.32177324153185455,0.16813246751538993,0.6692845191778809,-0.892764411983165,0.3039639794555011,0
1.2566751119852364,0.38239326436922233,-3.8383203846878016,-0.7169201236431834,-0.6511561755193214,1.2192628097203724,0.02196820693696702,0.5415893707398526,0.33771390906973653,-0.1590295022986562,0
-1.4734313692174104,0.11689025651647235,-0.21466786340834193,-0.4908088585369907,-0.7138417863750448,-0.5411874917380363,-0.16693116179511214,-0.29189899168017824,0.597879132233021,0.6563150854330645,1
1.649460695938204,-2.102291070648045,-0.9752715918576498,0.1880436856228995,0.9168261467160045,-0.3297002136253348,-0.7278903165287739,0.6217178382481621,-0.447499748434855,-0.45054056792289376,0
9.036589480298582,-0.6551728250696419,0.22128007396703675,-0.7647306127968451,0.5648966272660064,-0.3322329977055352,-2.6706009902710948,-0.2611654040810634,-0.4629614301317691,0.4352684491088001,0
4.554590064789841,3.0866391559011985,-2.270404306271592,-2.191119177890797,-3.4613552400081615,-1.1797144880366992,0.013080712571144135,-0.15797729368360944,0.5332236880673104,-0.279957597360534,0
-0.7811899668982701,0.6528492587624108,-0.6436569962035583,0.21446824175006182,-0.43767988577906963,-0.16048947363326052,0.187235038468822,-0.06818893929444858,0.5337582782526232,0.18956032554582927,1
-0.22309260679361836,-0.7018214902713559,-2.270762041331571,0.9986314963014852,0.6464879227466942,0.042929065290668596,0.34118048178616955,1.0996445922183204,-0.28069870671838404,-0.2528473021780067,0
-3.454895386093171,1.3069387228772475,-0.029264517110734026,0.33050375520191555,-1.8619115924697793,-0.328340353138214,-0.4426281660248022,-0.03601951208198071,0.28671045872650536,0.14397058051818426,1
0.44654439641786964,-2.7877077407475377,0.444382269841195,0.4720285424451041,-0.5299896165681357,1.656590295096312,-0.1693707942422628,0.25622477109821346,0.4863223565266632,0.7870816060325054,0
0.3144382259596756,2.0775607278916426,-2.083311870033095,-1.0685397966895718,-0.21786952371365678,1.189843445686575,0.8621810959582616,0.2691048251326577,-0.7202135534329455,0.02805172138487964,1
-2.059191942546342,-2.472787787808118,-1.4617188189884363,1.8680819097682002,1.8385631323585405,-0.5250227177117854,-0.09890219964374476,0.3497722601849264,-0.2796996202212693,-0.5855946725753749,1
4.808969244737746,-3.0291029672860943,2.7440186787105834,0.28336361117668935,0.19396459816854603,0.9849839093226602,-1.5415623742042825,0.5377079271210763,0.4097133161926578,-0.6777663109181614,0
-2.9987105282383792,-0.3967780282515132,-0.5964659384588052,-0.20804493885486053,0.5683597856048328,-0.37278625043611846,0.4029633798061865,0.24590978296460722,0.14780390559537487,-0.16913302105136216,1
12.285019759565065,-7.543410169217629,10.112423749469631,5.194270012341298,-3.8525069715968674,-0.8774991807221111,5.417219494407781,1.6029538724721,1.8647708817713955,-2.561455832717045,0
3.3721965906547564,2.5878254281045283,7.092074814918611,-0.3674947378450061,2.770573128264455,-4.2177675314737275,-4.084684533857249,4.362306236498521,-0.6586665553707004,1.7074407218913399,0
2.5087663116230545,2.6146484775569228,0.20638033589300525,-1.8947458477872263,-2.124765621212941,2.465074613992851,-0.7767099978228383,1.523229949879253,-0.5222572902189113,-0.2908727513421723,0
1.3180684765526571,2.154479501164843,-1.786632575423636,-0.010169663906739762,0.16715237854406204,0.5690938085386735,-0.03761459479488605,-0.44491287363846466,-0.03355695761692124,0.07261581715738563,0
-0.38875629875164003,2.2767978947594196,0.6273320768846053,-0.4297270021878649,0.1193801961097906,0.8498936606120985,-0.9042417796510734,0.4086211306795899,0.3856380067255807,-0.21924887565921525,1
-2.756932991264958,1.0868346854426416,1.7072381582750702,-0.5168313741860139,0.807022700015114,1.7854864580180951,0.4969128285135233,-0.9648633482582842,0.6721412156000114,-0.23509978792842454,1
4.943581014506808,-2.8483244577305307,0.913878815542621,0.3351840062809904,-0.48332590614768295,0.3553753762109426,0.4848637953488805,0.3208187163253398,0.4435140725288479,0.7967787037657662,0
4.298077329835298,-4.666275179053145,-0.0068410047527532915,-3.6533849000500296,0.178702966836372,-0.9138733900375751,0.6715824031525686,1.2969950645237318,-0.01966468780743601,0.005751648421096949,0
-2.3735018019787457,-0.7334025640160005,-1.5260274885773706,1.853329584444095,1.1831180591281565,-0.857871180977157,0.6587214415859657,-0.06238467808684093,-0.6267223154514373,-0.6032562305785479,1
-0.9671903116022258,0.43843818164351217,-1.4476962669033036,1.990361422868844,-0.09396607400317594,0.2930129898217962,-0.11255670496227063,-0.15334143923246327,0.018545763958404682,0.2060128737130843,1
-2.9757987879416503,1.810973775732648,-0.22343526847954465,0.39163519810769315,-1.5293707749142136,0.04680178157714749,0.44663159173858896,-0.16593823511923073,-0.1499060026120309,0.19239515896536363,1
1.8032470204578162,0.16646095718453763,-2.6285995653904815,-0.6437414843447004,-0.5218823476575468,0.5697925904118646,0.3323435621127552,0.3146104053047328,-0.21614308548661632,-0.022951069352084737,0
-2.478359512373251,-1.4185764468712243,-0.3165332429986519,0.3285027383721806,0.662012597305783,-0.4467463278851254,-0.068414358882223,0.3714951259399693,0.2932971466945133,-0.29957711096319123,1
-0.8260392924365176,-1.2502474730525899,0.26796072645037594,2.3106264620164483,-1.0148136211954593,0.9016299114105694,-0.8023234277656072,0.026222700685155458,0.8697385575800107,0.15606771810457443,1
-3.894697328339662,0.5385707445262121,-0.8815587225085497,1.0387999929301632,-0.8090288637517729,-0.6909988965837219,0.5066876576707361,-0.5154884552924955,0.08183590417418914,0.3679697761267644,1
-0.38957809021069856,-0.614415470012557,-1.3528692471153623,1.1751923165959626,1.7898932552832405,0.9602686757871443,-0.040080619553205576,-0.0036638817705396745,0.1201032855485975,0.3600509024500898,1
-1.457321356795948,-0.2017267570406859,-1.0988787350900484,-2.0057749656387363,1.4785622065684678,-0.08537962354281053,0.6043601280146906,0.5833417855958699,0.33735996857943196,-0.34758557728958417,1
2.7555680011551154,3.465773603860833,-2.474050855339048,-1.0082788499614215,0.15513601269931163,-0.7014087402760009,0.27025225816137627,-0.07247564731208488,0.49597024123421163,0.01919505306343567,0
3.25725467348037,-0.12520049207893966,-2.8960974573877127,0.7495901208607245,-0.35285559948223894,-0.8049437547745859,-1.3954078717402527,-0.6858307787295621,0.2947832473115995,0.3138882725231511,0
-4.019140240569866,-1.3542473809841948,-0.3604727155006556,-2.635797762803315,0.7352450176483231,1.5182776961275426,0.5786050314268797,0.2699489370037864,0.8307174285385321,1.1764132232762397,1
-3.6764132931724878,-1.2916290603487777,0.42461030551047696,-4.601709854005912,-0.740909214100064,1.0397367977075267,0.676992930018996,-0.14742021809350994,0.6774521369695373,1.239335381478931,1
3.316324113444008,-3.9391522592336514,-0.2054536805919913,-2.118223644595745,0.9699808095341548,-0.8908139028607387,-0.0926901033756267,0.2378198786046847,-0.661478765210048,0.10945235492932008,0
-4.03660736176464,1.162546107910583,0.1897478244314786,0.9405169960498208,-0.5655989279988011,-0.806738696005186,-0.15933745236329885,1.6090693777019163,0.07009599909541107,-0.20479045799664508,1
-2.3342333502249595,-1.3489797321492412,0.2326870216770408,-1.2129139195908294,0.05157490917893369,-1.2367192768593056,-0.17422338858571698,-0.13416792164491212,-0.358823745608402,0.29383731724112727,1
8.403847113462552,-4.153904776636359,0.0469690737454407,-0.5518427556165674,-0.2880803850196626,-0.5070591562691174,0.7191130415584593,0.6988187056170301,0.1595518795358483,0.5525411706500111,0
2.647568633081492,-3.9511729515013405,1.3718813316949199,0.20781925528971304,1.4050541570246464,-0.9045129808309946,-0.32376864405319505,0.9986269559482006,-0.29319914588595825,0.3086197611315682,0
-0.6817688659167759,-1.1359911305925727,1.2336664734963676,-3.864500140638501,1.4283521613300663,-1.2914292565198005,0.07533397874056834,-0.8257381166966709,-0.3895122372707602,-0.5528351536126381,1
3.350295790624386,-2.1545700268495342,-1.1089437250054988,-4.349007676730406,0.06238433899357161,-0.6857157250622268,-0.21654301124720046,0.37131957517077196,0.730598931934705,1.4480459232209448,0
-2.2277205188205946,-1.2149996868257853,-0.1924137755066337,1.4712781364271454,0.01971514155557665,-0.05893763386118312,-0.6902928752261333,0.13538982604229396,0.3773210040064575,-0.02460670239249534,1
-4.47758465573448,-1.7411293624782516,-0.8882070887026802,0.7646525410654749,0.6051400144884033,1.0045710281200153,0.23266821209827165,-0.025871579981315587,-0.08990190085807467,-0.1379617008249397,1
1.3226214188395107,4.789476583896916,-0.6625351250816636,-1.021195797232068,2.150024477769184,0.4504483221715276,1.1174149703936154,-0.34056670688313845,0.22993344563460213,-0.39782092810144115,1
-1.850089860144559,-1.5841281497026456,1.2639172251063084,-0.8021025984903839,0.7114115907981897,1.5966136853163133,0.08109940908290711,0.14969979766013838,0.4439808898863244,0.32159156753222123,1
3.79556564182616,-1.0262326418767684,0.8986356366832237,-0.7604604606012413,-0.7578474423231194,-0.5227298484365019,-1.3884949314937376,0.09665571206624037,-0.8563256753575894,0.4303820150812505,0
-2.2813180992355346,2.077685979716417,2.430649031131258,-1.1860598136573484,-2.859003309173398,-0.9990287391482002,-1.089764176331583,0.7439218825206818,-0.6307805243826032,-0.9267309032378949,1
-3.2287701182743094,-1.1720734786677498,0.264664331577523,-1.0029445764108653,0.894467641643436,0.629225048125318,-0.24996847212692389,0.32975099156781196,-0.4222766091601566,-0.7939760832134442,1
1.0259007876580046,2.3612619444050096,-1.6168855932639443,1.1459632519629506,4.144478513162514,-0.20752885008125077,0.7360682340195936,0.6191398573412783,0.14266139145896098,-0.9046818746729217,1
-2.582555837283688,0.7292131140913041,-0.5481427865268909,-2.3320791797390092,-1.835264986964442,0.14016623341301207,0.12196575742701452,0.2728634329187056,0.6096544098893811,0.3504689439600343,1
-2.4858832255018393,0.4605964027117381,-0.5989203389078366,0.9987176331098878,-0.4303238573443684,-0.37962170043881965,-0.33155236812232985,-0.4784107392377081,0.5791921031965057,0.023227194648974082,1
7.143842039049971,-2.074842232681121,1.088387336335433,0.7163335035354773,0.8199009806874104,1.1445482770981,-0.2895373896774911,-0.019306835639163807,1.2165594435633462,0.30794779756555996,0
-3.032481140773033,-0.6494687998690921,0.31068266681059764,0.5802825046163589,-0.7328849072615506,0.5720082620942429,-0.008425408285931158,0.048886612101174065,0.8117960561124103,0.106160606817838,1
7.085010648785476,0.5282231716396657,-1.2799870420252186,0.6515632896101284,1.8538248454703414,-1.8112998740551562,0.5354684638428988,0.9531695135999709,-0.4389792189130832,-0.4044860656941017,0
1.3140990035960545,-1.7754258312662576,-1.6726317668528379,0.6946200241258562,0.11281065621959772,-0.08752903083828192,-1.1197515704838539,-0.34592544526427,-0.11514237885382106,0.05856326371119185,0
3.7116495147716217,-2.8074771106557677,-1.7561936110734762,0.9041052344750641,-0.07098600122261932,-0.20618855995039673,-0.20422612986632352,0.34477365082226064,-0.0984864737871564,0.10029568891886714,0
0.4604790908507051,0.39416628852111946,-1.0046985443887597,1.0753882441444098,-0.42753480481937073,-0.09140704213558111,-0.5446880931737825,-0.05274211560234893,0.4391797923417025,-0.27664485540653666,0
6.392649920535369,-1.8230941632775157,0.4798497287996894,-1.6964609936729091,0.5566773777301962,-0.10677236151700945,1.3422284379218585,0.26605749750197,-0.4905323703318788,0.6892167860604922,0
5.255544949775624,3.89453098980779,-0.8338534442318892,1.6816008352576357,-0.7843269330259175,-1.387088832920584,-0.11000029188051484,-0.9502499897910164,0.023690250056838887,1.0789715432112503,0
8.733861502966105,3.2798773750359236,2.9036994694251765,-0.27718816638215377,-1.0618468295736778,-0.567691669739656,0.7901834769062095,-1.4345677580448088,1.5176043712613951,-0.1086293339389281,0
3.6913178802261464,1.0656460674473807,-3.5155890457394205,-4.773197023471807,-0.8024840984308486,-1.1415916785147249,-0.003968105410203282,0.07518013449920331,0.5626361319783509,0.68640293672703,0
3.3782508726903333,-3.371227892049171,-1.7667777557793816,-2.0779569721475806,-0.5977815170205645,-0.490781958057946,-0.8248321823869964,0.29901226281241233,-0.4862092557039315,0.6834190671431504,0
-0.8402096538340705,-3.5000850321762624,0.18248365420933185,-1.2425727073861121,-0.10851726498924344,-0.41699977669753274,-0.24964308187342135,0.20729997768271097,-0.34838017801220866,0.34769410870381556,0
3.2843726199598247,-0.9906732010443917,2.5543863890638208,-0.12282697210037917,0.350837868267141,1.4773840487516139,-0.06516658270195823,-0.05307409069255786,0.26434369238265304,0.7562607597912336,0
-1.9087689281278262,-3.121945805408578,-1.0630561113488486,-1.062066916937407,0.9572965610652795,0.3285351402018111,0.029948128469226547,-0.21223557295829673,-0.0680812043805189,0.04409448886544445,0
1.6147819253581803,-2.4745733479179894,-1.9911347872687246,-0.37909115399813953,-0.4432487885641343,-0.2443668736041722,-0.6673851305526132,0.2609597135286626,0.6187480651800575,0.32628566778114576,0
6.61972634684174,-6.003276417407741,0.9893777649453076,-2.8867575854062433,-1.6953838183703471,-0.7996726997684431,2.2876676536957032,0.4452930172422002,0.641013514074032,0.5182916763445858,0
-1.464675933458245,1.686631814156661,1.1699058710688628,0.3256622450954184,-0.4648732983922825,1.2484190076863397,0.11576592866588756,0.14416057415693254,0.36097215464425364,-0.4906951930774914,1
-2.01215242851524,-1.1034865581272086,1.3380240812352304,-1.6156796398309639,0.6917208125074814,0.5411901956952219,0.09314570463046837,-0.6165001325275586,-0.21169331526735513,-0.2078280755327523,1
-2.2843402520726674,0.009493639196782342,-0.4504395430276649,0.2957797419131099,-0.8038675332370611,1.7790189234444511,-0.43526630922886633,0.09779212202419917,0.14946534753710802,-0.12055680238405335,1
-0.7397430856398047,3.1525206051071755,1.469857849273857,-0.3148936205819086,0.9476893025192915,-0.5314411185685896,-0.2797752834413255,-0.03840331086305704,0.09543162808690614,-0.3090518519659095,1
-4.50656251068198,-3.1692725878693966,-0.18806158833546394,0.3911600605522229,1.385206653818476,1.1387789372328943,0.1494038195463873,0.14201320447830634,-0.42971957256065413,0.3485431344819535,1
-3.158754301407497,0.41030179497057745,-1.1088172040363666,1.9716188318922931,-0.05858711327538661,-0.2824146467137039,-0.07926812738408645,-0.044303333567363254,0.2585691576297759,0.10908262301522216,1
7.676149471670681,-3.0753063039647,1.481959412755066,0.5524018661894017,0.8862053497942317,-0.08252750358088853,1.652122302401927,0.1349997032080531,-0.24287081801638305,-0.6492959991080576,0
-3.6391359671593384,1.5895870640622654,0.7162798068620605,0.6703852391760372,-1.5773311318075294,-0.7452729763871144,-0.30654682426282903,0.8370571905756233,0.3684732924765351,1.083052584792112,1
0.33734549264260194,-3.144373457658448,-0.11572148164810063,-1.8152952912237157,0.035293185070117826,-0.7162118452726078,-0.055132782859746814,0.11949844460350624,-0.555004487667911,0.27165095250482185,0
-1.276583379158044,0.8490529834037474,3.070068153894108,1.166497493947759,-2.6781242236677407,-1.3605087176196318,-1.6491276664370647,-0.8449888488678721,0.405962444243859,-0.13802463191413614,1
-4.34601405423195,-0.32197805678318153,0.3884747010270741,1.1071472364793995,-1.5033327077026313,0.5377922047695377,-0.1770171550680758,0.08755703820431829,-0.11082714315672754,0.20131646482488277,1
0.01743079148818537,-3.4593432911850286,0.30692080066883615,0.4755699001078171,0.40073658446419796,-0.15690747629079196,-1.8742152607954092,0.7800819695211725,-0.35223188099928676,0.15920668354564554,0
-3.4924260372834808,-2.634082400732626,-0.07218764119199048,-0.30797777041620483,0.5250157026608498,0.23338980113302754,0.11357248186289672,-0.46381425680502364,0.14710678385609907,-0.06305244566138143,1
-1.8665488536831232,-0.902064209681503,-0.8711686911005622,1.0288144735910913,-0.23187710776660017,0.9163083885427296,-0.568784411228002,-0.9328534151694505,0.5271941513509747,0.7328965346161448,1
4.960268117819599,-1.341123047405396,-1.4570533365798692,-1.4681981480580337,-0.6124600872492904,-1.0858064370768705,-0.18592119067684162,0.8054992852665327,0.27105314099874733,0.28863517241009723,0
-2.470722685229595,-0.1380262643919885,1.7948853015433337,1.5476271685611214,-0.6973621168003752,1.8685774169813254,-0.2547800102481936,-0.03828909490901564,0.9747018191764576,0.32516407621323534,1
3.7850601029317263,-1.9019074162607321,-1.7442419019639666,0.39228462185440777,-0.3392797066568227,0.12968393764828304,-1.2777067857627873,-0.05449217825167251,-0.2973354103184744,-0.10264271396703316,0
2.6372557772702883,0.5771549958638125,-1.99469982285829,0.2725491442497515,1.1967680664068205,-0.48786250823909844,0.039406211367148745,-0.9472152159664297,-0.6347316842781274,-0.0892628001747491,0
-1.3726850236678825,0.005805461403545931,1.5492892162693563,0.5844391506933523,3.0048784851478816,-0.0013724384022609822,-0.8131481064647491,-0.298688469542291,0.3340438575729663,-1.126497483332234,1
-4.138882573257343,-1.3765082402794315,0.8780486024065463,-0.059856251224981186,-0.5975966254906474,0.8320963212358826,0.3676672854884639,0.004490213155633233,-0.5778781219017584,0.03974978786024245,1
-0.6869402913961022,1.6950096246209878,1.026212840822412,-0.8754781872663407,2.1746755802970665,-0.29678830145160306,0.8410945502782786,-0.16356128963295632,-0.33775324675415985,0.3311841689001651,1
-4.312129582746539,-1.9784861330869692,-0.2513064873944512,1.5749111506254216,1.9834111463330104,0.4682074135482131,0.24523568396573403,0.524746081817052,-0.34309501595013325,-0.42148143221266615,1
0.40330942134941694,3.7234340034854645,4.586468998707902,0.2159111877703101,0.8078009481987295,1.82612646009104,-2.448851226056919,0.6373680079148687,1.0275121309578845,1.9838451414208549,1
-3.0036057953216084,0.3541602274792613,1.234014977323762,-0.7174567769281839,-1.3125622260240775,1.9968669233781067,-0.44789067443749747,-0.43937925684369533,-0.15447565198333932,-0.15367721356814798,1
3.1340082054545597,4.273459558484489,5.866279517307217,0.596583080248962,4.201027898476086,0.8712702402110505,1.4300717099164708,-0.056654576288920705,-1.7738802975402448,1.6764212180479554,1
-0.417836866880501,-0.8085765710832209,-1.0932914836622347,-0.08972977626967736,0.2570691697404942,0.2455889057604447,-0.2535029941598769,-0.1314549540507442,0.013111263862024563,0.5290525479218403,1
-1.4202231350870786,1.3939781131462254,-0.8369868346116772,1.1054451324439927,-0.3644006070886663,0.08946610033178012,-0.26347503523464794,0.9647060717575316,-0.47597188298502013,-0.07825693836577002,1
-2.8705883477861738,-0.2686445091617773,-0.4689872591215183,-0.24550356836009954,-0.5579192968273757,0.41445107879022547,-0.6574578647332645,0.3899174939423388,0.4478305398920647,0.12994795606916015,1
-3.3658457040687786,-0.8076006153345501,-0.8070794140961896,1.6636859936278332,0.05058624652146494,-0.6566330726682796,-0.1833262816346733,-0.3027867436114794,-0.1069591414156535,0.06050058183337046,1
-3.3150001548358525,-1.4421762294423643,-0.5836326024261618,1.7849308353853424,-0.019272502255302377,0.6299781228421453,-0.005970910215247612,-0.1344353207842714,-0.5222008963199289,-0.20684291788599307,1
-4.769710159697671,-0.542961859578161,0.8938680028877867,1.7310613683586547,1.0017126545896364,0.963767729082869,0.23667656082774471,-0.7015366965322295,-0.6680448313525915,-0.841695104406316,1
-2.385882758426674,-0.824115570987777,1.983963483919543,0.055255453746777,-0.5057284721892444,-0.9895633628479101,0.5674865274302775,-1.8324890834944656,0.6946367990628246,-0.5476996810730961,0
-2.7870960094288457,-2.53303400293575,-0.8840343981188044,-0.2596746578204168,1.647832635845212,0.9434646400632791,0.7521728464884044,0.17526138201288388,-0.008047501989406802,0.5002672903482607,1
-3.3938417715185576,0.7539639570219102,1.7717935605538062,-0.27667331173149656,-1.0859029305428176,-0.02878665609087038,-0.4136050257945888,0.4493398039488427,0.06599524692065593,-0.09802681281099418,1
6.590235943342885,-1.4848624499215621,0.36133990086519563,1.1884461732843443,-0.12091099605383415,-0.8927969740385081,1.171852862498931,-0.24084170663746748,0.40158466253886105,-0.7919775906202121,0
-1.4553305178966707,0.5919428677342721,1.1463403862809645,0.07901728916376118,1.0877388051298442,1.0579796782689137,0.06425092494152657,0.17473921414268323,0.16245346424145282,0.12121667785120581,1
7.182933102073706,0.055146060008991866,2.0129178795389366,0.08277610906490239,-0.6657818335015748,0.42460336609483856,0.8016689435262482,-0.6900617885125983,0.17996512266640638,0.4402486177942513,0
-3.5788354034424583,0.8915829916604164,0.261487405577372,-0.25409575101065607,-0.5995934196153704,-1.7658711789303154,-0.30921810684923784,-0.3896672235706252,-0.1950160988145678,-0.47428785065599666,1
-3.0570326418772074,-0.17921338630308384,0.6217734444361545,0.2613983820386848,0.8967350823065197,-0.5245687817691357,0.7093634898406681,0.13974757212083144,-0.16501583471785058,-0.5008447351385605,1
-3.0744358315640508,-0.30605843549335204,1.259253656283473,-2.2086266751118164,-0.6064117373683081,2.358067282325036,0.013891815575978978,0.12957668138334433,-0.0851439703557161,0.21099223324530136,1
-3.8535397332624295,-1.5247264225923456,-1.1445096439070082,0.8150505329378391,0.4930515679166138,0.28760533630970847,1.0467615908711005,-0.048386857093746044,-0.3736439346650157,0.5406987637737333,1
-5.390256393778822,0.5562555045840902,0.5600700618385475,0.47185538362860374,-0.3997983016428165,1.476659287180302,0.9505016900521598,0.1363731462108372,-0.29331019479967263,-0.07299705847799492,1
-4.657682334492723,-3.0653874336103755,-0.07600910752919672,1.5085163275270042,1.2728154571875514,0.5556950976664362,0.5525493480889723,-0.09940963363354224,-0.47742375776513757,-0.2719582991690111,1
-4.027542388108274,-2.5429070434363785,0.3532171299893942,1.5143875028977516,0.6674986743209058,-0.09625749809909567,0.8397683930004486,-0.33335856286766885,-0.012542295220345927,-0.17344144574960219,1
-3.347821941609898,-0.06856304780155185,-0.2701932894591326,-0.6276363346752084,-1.1256875395672497,1.3499856484749502,-0.3753644975203231,-0.12146515906836282,0.21292584937769699,0.21898301757994357,1
-3.299842011467402,-3.13870939421158,0.1488923711137652,0.7424907361571151,0.39445081532059245,0.6412729951715569,-0.17142602752458094,0.04149982326152379,0.012862815790787298,0.2324579378748196,1
-2.1364041423533027,-0.004392848669212861,-0.05513895788285062,1.7881128792795937,1.3004454314539646,-0.06311757501299686,0.4147668233992934,0.29997838274414906,-0.07258300409631134,-0.07251559662082915,1
-4.038017141739757,-0.24069805436766253,-1.3281267507043228,2.440232259565163,0.27738928355938347,1.693652084216372,0.41421054778318306,0.10558700654797705,-0.011214869981981597,0.09305164035592817,1
-3.765414553232553,4.3982004934076215,3.950207844116725,-0.30726827209445723,-4.789656381022708,0.9662759620713819,0.02430307259243538,1.7465828449987952,-2.6186645594285975,-0.24274556310737816,1
-4.8712393834815115,-2.3392147874168607,-0.16829482796296613,0.6948898417997985,0.8209388495781309,-0.8244920270008993,0.24284650568721777,0.0674856374164942,-0.3394715167547761,-0.4698748423866434,1
-4.7472485163570965,-1.7984019755398744,0.16972019786782225,1.5516108399380188,0.5351375014568167,0.7915806959620153,0.05814474750339877,0.1516457394014597,0.16571739217722767,0.07386879107374149,1
1.8953162763189566,-2.392238003063266,-1.6764913001294568,0.7120282342296179,0.3834019044799364,-0.39242284925793536,-0.5987176431776777,0.09283332466091859,-0.09544548116562054,0.3812022438777503,0
1.5729311406061044,6.509099306762608,2.167158980164594,0.030075886406791298,1.0534111812539868,1.1089425906046497,0.2537628450131288,-1.034204040215425,0.7258509071802534,-0.0372769843912451,1
-4.026620252656068,-1.4022064621261674,3.186499905939899,0.01955227376034301,0.17964848253169657,0.91929550437612,-0.2109934593013795,-0.511392051816579,-1.0105247963481132,-1.0445096621140098,1
-1.2948661700993185,3.470808639228845,1.1095279772805773,0.7666793600376264,0.2105101721246262,-0.8404568292964222,0.21030467271122705,0.007387330676045601,-0.5747596006476879,-0.06239618381323398,1
1.834840467145188,-4.321522964496341,0.31668532904228974,0.9971895486812238,0.254688648617649,1.6548002313971293,-0.7588755422297813,0.32602856698246563,-0.08325132072272885,0.7066438680586024,0
-1.810380558890972,0.3962073022187954,-1.2303341241351347,1.276656327413992,0.007076785034876985,-1.782407891543405,-0.1291738007816286,-0.7217884776920548,-0.17385997374405088,-0.5804334888735386,1
7.236485314382829,-0.03570179716642909,-2.8410666308306904,0.03864184126745292,-2.4547365030468713,2.500021229418924,-0.8616781802462151,-0.08940919753366956,-0.4233605013635069,0.7635062141588613,0
-3.145650188525218,-0.7425265420452207,-0.8623515077752246,0.7551636516372197,0.3001250021810168,-0.16553734501463058,0.6998575926340135,0.028332057808423284,0.08041633332784724,-0.04729720861660414,1
-2.8872680582382286,-0.46473162450573596,-0.4757433371163653,0.7623019415428958,-0.8532163526487585,-0.3062886295532229,-0.40856905982625163,0.011833864098977069,-0.03934907784904555,-0.1436345424093859,1
-3.149653983825224,-1.7712483965677217,-0.03583368765462037,1.5072396393120624,0.353304218241236,-1.163016747064619,-0.09411190073107842,-0.10140107489512916,-0.8187384393251148,-0.44940617961229057,1
-4.628379483055113,-1.835618361933491,0.06423097090131995,0.09419313917783294,0.800459167234464,-0.16962048117641065,0.8792928557504355,-0.0756407094107895,-0.23814057544750658,-0.0649011967087839,1
2.2505103740992562,-0.3485359403627025,-1.0647508692439225,-0.2317594051823515,-1.0045007078970583,-0.874551940000529,-0.8706845848750501,-0.6022400862840911,0.31734858642495933,0.080266895844609,0
2.1078012278733635,1.1219739433727065,1.7751582213419406,0.262675299012108,-0.9608109114642056,0.056849922571655574,-0.8516751589530044,0.5102129021941988,-1.07503268397504,-0.3661239219860271,0
1.7859499803260657,-0.2692216356652083,-1.722515335920018,1.032686956636729,1.1851103847940174,-0.1304787174983303,-0.5503744318266046,0.15410994459506908,-0.06935391659589445,-0.4636755275912514,0
-0.52769661740035,1.265871623272151,-0.9204411177374585,0.42947157232631217,0.5607830697152776,1.2521714203697434,0.42169749607950313,0.8496943190618763,-0.0522916881113341,-0.26132166800857376,1
-3.2135009804929453,1.103443141862025,1.6119811704406843,-0.4864334699455591,-3.4592498337724074,0.8597651664649029,-0.843503552358214,1.0336355881441786,-0.8975359537405279,-0.4994656770344688,1
-4.386422966520673,-0.7611037295853854,-0.4005974204662978,0.5868569379267312,-0.37657917350645503,0.5357661736043098,0.7327459945096922,-0.07065304656119968,-0.0014997417037038664,0.3049240595669505,1
-3.8100178698291263,-0.9099185548653644,0.4431676807801778,-0.9504232075284009,-0.351635986841162,-0.27774453916966213,-0.10289492049581801,0.25175562844568966,-0.4179029927484927,-0.11232924424667419,1
3.319673971521703,-1.5770528423687087,1.3607284997963083,-0.6941430942612238,-0.9089304334687502,-1.1722173351368113,-0.33728599371010387,-1.2228658231001959,0.6272072260373783,-0.8960150804802584,0
-2.3932759643313566,0.9900307776362754,-0.7575099477099235,1.5549829377781874,1.4314582348291602,-0.3431904882853263,1.2091432377648625,-0.47548509404678735,-0.9139069417626113,0.5639639576554465,1
4.680166262413452,-0.9685929538607575,-0.29127225283472635,-1.0742723604779771,-0.13255701554845198,0.5036914569893045,0.13320057138948674,0.8326805911657205,-0.3378205629518611,0.11363657326116004,0
-3.0676951406024973,1.1358375684377633,0.37462254613735446,-0.6268540131662745,-1.443694083866565,-0.1918371959166211,-0.16990877315595834,-0.759516840389193,0.24163250281800033,-0.35623213510025425,1
7.353218575016635,-5.242623142594182,0.31695581638104847,0.43203973923819783,-0.7060339597497584,-1.2631862550197321,0.16917650741972184,0.37914882662908195,-0.13866127923623928,0.3761202392061195,0
0.29531318325209505,0.2269350361461327,-1.0894165950782146,0.9474227460016919,0.7290947508685495,0.5800103571741388,0.1084131498237779,-0.25721846315192654,0.25603740248414086,-0.03972747914194451,1
-1.9389694969501552,2.5449881124141442,-1.0014235347647997,0.025739856243329348,1.2060991331783453,0.7321001423183623,0.81647433039805,-0.12364410321920759,0.8122582704387289,0.0163103921352156,1
-2.077178921432908,1.8065194888102347,-1.1670794215000522,1.1422298793132046,-0.41357144577378907,0.11823720107012674,-0.09909279782797008,0.1843388739215629,0.0404799040195886,-0.4331200016492225,1
4.975162358417135,-1.332572179593306,0.8709775684844129,-1.2921311777018651,-0.9619689245397831,2.581312924220118,-1.2332043040073288,-0.7129547295278339,-0.7762605150778602,-0.9214289965917636,0
-2.1769168795855043,0.9589112593885332,-0.23426487151065709,1.8544727438209476,-1.4817807595673236,-0.7693427766474296,-0.38973826694449504,-0.01881755441360667,0.6249000244425642,0.6551860461817244,1
-2.431551455012122,3.4472038667633234,3.456944842117204,0.493659957399288,-1.0457570541182053,-1.0088397322383609,-0.37556506100185755,0.933896314672722,-1.950921685634903,-0.6497700400082046,1
-3.367965778879046,-0.5629288977105777,-0.19257365302561688,-0.5703792757510336,-0.3517286052663195,-0.04026304746973163,0.48849059995190386,0.6233140616762459,-0.3040527171000618,-0.031242996687634694,1
-1.2065977905128238,-1.3170443382042893,-0.9307408066589379,1.7047899119107193,0.7187197313156704,0.638188270009743,0.17167815236711054,0.6055693022022677,-0.24941330159469294,-0.4079802007353278,1
-3.326079248718953,0.4751715815018395,-0.8982857438553392,0.8134878567297423,-0.5853794573005824,-0.8823894260409357,0.08414348427880554,0.9518600383934415,-0.11634652651899459,0.11497165251994096,1
-1.928795402230639,1.46146979761426,-0.1006425077473957,1.8207642850031025,-1.9359410943008235,1.3142833461239645,0.12034217594427346,-1.193562812724644,0.23969191794098474,1.1672692039970298,1
-4.041835089955341,-1.356917456695895,0.5383416689114012,0.8339119177176716,0.1787470576863641,0.991709963563453,0.5653938141282474,0.6672054222471446,0.23945736031319506,0.3493880602762123,1
6.182283741691282,5.108005449452794,0.5211405857432347,0.9407391854198917,-0.6065248430449262,2.4615946160402746,-1.4682104910648803,0.26865219664487533,-0.8092556887362077,-1.0652672155344196,0
10.934298158419198,-3.70325408046992,-0.891694072347213,2.343507573881704,-0.4887855738267403,0.1964365009953836,-0.10974060533423939,0.21984336281500538,-1.7630335994955058,-0.46228445440173055,0
2.1184969319199123,0.2966290695427587,0.8674853918299748,-1.4502873916531451,-0.5395103727562741,-1.7333730633007716,-0.2169909222661608,0.8628989039257258,0.5890289081206366,-0.2736660081071937,0
-3.0121949701654622,0.24375997572367433,1.9837330369083368,1.6797256947077148,1.7036739082791308,1.8498053744498453,0.4983424456138929,0.3194023586890167,0.35889299141507014,-0.23906968920289937,1
-0.9826485812746669,0.7972523938735997,2.3694211555326654,0.15692263288554528,1.5464297437999694,-0.2533225729142071,-0.9265811587694095,0.24807481656935457,0.07175167294925601,-0.6727062610605544,1
0.3578938625215062,2.1278386320410636,0.7082090412520229,0.1847447959005791,-0.10256994933534908,0.5631985128845342,-0.9873749922962946,-0.5298449948521783,0.008719950754476312,0.14526314681595376,1
-3.193917865502795,-1.8491520732449775,0.09939835241210086,-0.022782511090848778,0.1790022941026117,-0.49281652274793497,0.1776990384363668,-0.3731506304546349,-0.6435971085070173,-0.3500407362173757,1
-2.9932333012484813,1.6313922058920602,2.5567179072523616,1.3458871603293754,0.040740335344751286,0.616989974575412,0.5132238484801145,0.3128002929851169,0.8066470779353226,0.18409260483884096,1
-3.1939141504733817,0.5793394420130199,0.48976421768933043,0.04459418139619057,-0.7236072805422723,-1.0373975128953403,1.2905866731582096,-0.2556292744520007,0.7463683524399521,-0.785437999478505,1
-4.591961853506152,-2.7611270972330058,0.9805426290791212,0.362838463159334,0.22008132423557525,0.6905042805454332,0.3413959203278595,0.3533637626338223,0.0658779723070851,-0.0888911108948442,1
-2.4859161544153046,-1.188939404468613,0.34877678784842875,-1.2562918594617167,-0.12939416070621837,0.5395822940808647,-0.1463145644135066,-0.38338340042095026,0.07088801353097823,0.22214585896187253,1
-2.3986653462058407,-0.250744790303792,-0.3271378037513704,-0.277372900443213,-0.354814573864065,0.01937294871619034,-0.292434137059403,-0.4614346492685795,0.0799687336787737,-0.022499043994119575,1
-0.7796151997484442,-2.124343427417278,0.3207888879435025,0.07924892162119355,-0.0858100563096041,-0.8931305370812304,-0.8866106612119279,-0.08567102407329043,-0.7389390651344343,-0.39066860965561573,1
-3.139988425756139,-1.4880221620142386,-1.1988784896577305,0.45344938973701154,0.8409019604964956,0.32291721147848207,0.15569681449201986,0.29398579240933304,0.07192734447621235,0.29541209910029836,1
2.735011771677352,-3.9451682305267215,-0.017169488484527783,0.3001107624155759,0.28326712649474095,-0.5773145039606228,-0.6635509111541945,0.3357810150490049,-0.4560928897267689,0.3710642904882027,0
6.227025988680866,-1.3901096911768003,2.734237188279016,-1.0931614823644105,-0.5826581913325266,0.9889296843682857,-0.7977450037217154,0.24610643008165398,-0.2730320308897343,-0.36550474353165174,0
-2.223775745575809,-0.3571607107566951,-1.101682329055968,0.18622270155016007,-0.23927495397496693,0.3984909226654427,-0.06455959028331501,0.5614663751811009,0.4680930824588675,-0.3929641306488305,1
5.307140022010699,-6.723414983428784,1.4856648555308216,1.7765107324191847,-1.0735537486270053,-0.8330771026908416,1.493290044179488,0.4969807052680255,0.7089739274024666,-0.016964701528313586,0
7.248001061271323,-3.655469129583737,-0.15570200053590127,1.2268287666393072,0.297590017295903,-0.478343658442475,0.8450070140609612,-0.6367247149793784,-0.20504185596701066,0.16267367942596814,0
4.207220618959405,1.1762428818288,-1.5900181875828112,-0.978843338964787,-0.11758120545246457,2.670170417212239,-0.9416182033415544,0.8706100197462648,0.42375684136279396,-0.4383601477665566,0
-2.4996363741105925,-2.0185356268022288,-0.7312745956652341,1.9850232761798967,1.1359555771404732,0.6178191009385963,-0.47972700048105865,0.22087366814692536,-0.32370825511977713,0.3720728735687413,1
3.6350149466785164,-1.9564409104368845,-0.8287751374780137,1.3797525713689267,0.994420920165278,0.2538549502808535,-1.1792828191557616,-1.5199896087141664,-1.8252382112922274,0.5342690036961799,0
3.5192482750127687,-3.8586071202029744,-1.0225290643646239,1.3841433056210688,0.32066412059462684,-1.0310282803152795,-0.7473750295217831,0.6959336400549399,-0.3786950255407723,-0.3921496242231872,0
-2.614948307242619,-1.102474459374042,-1.240736003068986,0.9094764754007607,0.37848075335018655,1.6188669882283486,0.09393173035919429,0.3445840408510948,-0.0666956855519549,0.5221531912123233,1
-0.09610811656833705,-0.12984758280061973,-1.671464105121245,1.5274766896471128,0.40306748565010553,0.776660626849487,-0.26168746263962644,-0.5374342843571395,-0.7843534977019897,1.0024833545080833,1
2.044856934558724,6.426819839185295,1.2741212456311533,-0.10974148588389258,4.602716475815541,-0.0626429478703904,-0.3220027608654147,-0.8862790437608644,1.2385949635231763,1.2865263118729797,1
-3.0667495275603947,-2.18209569982418,-0.27906267238815585,-2.938557391167291,0.47323450677144496,0.04897980888617305,0.31423103908673417,0.5575222246918425,0.00215250994692764,0.3851071497092486,1
-1.6035864433912923,0.2925962224075666,-1.5862254333348855,0.9096983438646599,1.2358691726196114,1.0351624982509953,0.29826004301720893,0.7755619089779778,-0.41503602791959465,0.3614902390786151,1
3.765932154127103,5.985295348489321,-4.880361146906431,-1.1208727099184745,-0.5642370787476041,-0.9324418433617013,0.5563824987872326,0.3155667186786836,0.5687477771237366,-1.33166546421675,0
-0.9255666032077746,2.302481430352459,-1.5961118585652674,1.676238382527688,-1.426986355204335,-0.41360257564501735,-0.3268553857308815,-0.8422876158234406,0.2817147699144649,-0.20947967831555378,1
-3.288349594100955,0.2013113364089497,-0.6277562842694203,0.6128346838571916,0.17076815593624786,1.5132350971162656,0.11088371060386214,-0.2951365998756582,0.3467539829184741,0.29157307478770367,1
-1.5548521496439176,0.9798577294710046,1.1965597991610881,-1.7751769752880242,3.499125313205139,0.31223385517231705,0.6416063917132184,0.019769931446529467,-1.082053412835441,-0.6102821706720927,1
-0.39877991757866976,2.161212691893322,-0.9456050147050774,0.3724810118664586,1.0126507702964629,-0.5361615563691162,0.824630855247488,0.16977262919795433,-0.25654503914107085,0.17366334409704728,1
-2.300567821326714,-0.9320775839793123,-1.129953262963743,1.4523765719815107,1.555640298944947,0.5146557030100718,-0.14018222300567776,0.13443796727740265,0.1336754178963396,-0.3935666576771113,1
-0.5429013641678269,-1.3170679101714997,0.9957545222552144,-1.4848753987680234,0.20297799107223838,-0.6347794778306647,-1.2047173318527868,0.1936493222447153,0.6119577634263964,-0.20790243831016741,0
-2.0588194558297603,0.3204351458206601,-0.12245841165817761,1.0208598947230987,2.079167639551887,0.8376368487349941,0.5377197548726004,-0.12102672404914552,0.12827158659437254,-0.39796037047891836,1
-3.424518055229671,-2.4455184118308746,0.0450487509097491,0.7861419065489252,1.6031823177019764,1.2707487048226191,0.33720234886581557,0.14414240804508519,0.02197737202554173,0.29412120958296156,1
-0.47240655185381547,3.702829438612689,1.9537848858499627,0.9963165790823549,3.814395980887046,-0.9040768307535965,0.7054872900231793,0.1984724904924156,0.17379569567529676,1.4361349465530695,1
4.703500731698723,-0.19595575473983606,3.757032949263664,-1.004227701831633,0.3286508734990231,-0.2525825626553122,-2.594847530071594,-0.9890034366336699,-0.2617042670958359,0.14152852901327478,0
-3.643380238615602,0.7868599163788504,-1.1621457883923227,2.0988749287198933,-0.4240680288393051,0.15623054422834948,0.32449299723315805,-0.19025473611662483,0.24210062315869268,-0.07301463831059316,1
-3.5946893435814142,2.6050872167094665,1.852029635458077,0.0898854360772934,-2.442539810840017,-1.8504749715948154,1.5489495483299136,0.4444222516256992,-0.6212164524231267,0.8833888463337312,1
4.149097342449265,0.767488844369474,-0.8879746987656715,-0.008369548162241352,-0.6049797688357899,-1.0170898066528644,-0.005024186240066928,-0.31685643722837037,0.5645803356073336,-0.6161868052807187,0
7.672141552620046,-0.8604841507196456,-2.1536501263715215,0.254723375171975,-0.2364704223426542,0.48607418852037443,-0.4032976013374162,-0.37282222393339504,-0.9272613267322077,0.12027972994848758,0
-2.010379413755888,0.42968956054936874,-0.10408881150111912,-0.16029206226297724,-1.5095061100566027,-0.07670643705382645,-0.5416182754820001,-0.39814266470714926,0.11318270931430002,-0.16780982562133978,1
-2.92083349483855,-1.7004724750099607,0.29572724832797154,-0.4141768901583092,0.3639198500705935,0.3868069057824174,-0.6432366406490426,-0.7502141994754263,-0.5704588514953235,-0.14409519104983734,1
-0.5007378002565415,0.10673146473881467,-1.0287479556056986,-0.3048847162067408,0.13912105160897273,-0.7447845424777229,-1.0677948284715562,-0.9727806131223888,0.5040103968855594,-0.289281564565162,1
-1.911498574928164,-0.6513938798951295,1.4502884909448137,0.4007030486714141,2.0630024071699857,0.20388064359397626,-0.0995889167803864,-0.5396064465251218,0.14851383928693107,-0.2786312235175791,1
-3.7850992278005444,-0.3261463675158627,-1.058080198749771,0.6060077534215407,1.5261555680513221,0.0731064702008232,1.238728921004458,0.11001867338421524,0.1201962091763208,-0.1421315107175617,1
-2.7083939682200313,-0.2196657417024506,-0.31450475105693615,0.05525291167425494,-0.048254040764265156,0.1691029672817238,0.6877809629254383,-0.2586257467652524,0.47954660279432826,0.2531128650858565,1
6.289673469541008,2.0365473972981345,-3.1820822608727237,0.15554352382982492,0.20248914505429386,-1.2579858205482741,-0.2861533534754817,-0.21850155104440783,-0.4964762235628604,-0.4169779504304624,0
-3.430770691238411,-0.9926100348075156,-0.7316945946489922,1.3437229228215684,0.23583917166676957,-0.6918039812447364,-0.05208309821043391,-0.08578495564938686,0.26834424676313,-0.5870787825647367,1
-2.0013884663919854,-0.2933264633768367,0.61920388788637,-0.3525117448945453,1.164819849179374,2.43011448903673,0.20578456808474643,-0.1691209447449401,-0.14075099021898682,0.12117499698647817,1
-2.4732930942816775,-0.3350470264542722,-1.4823620271708973,0.46523745099578945,0.04899270705315949,0.9379162890947114,0.02258910153664456,-0.6987993633008458,-0.0696217406018354,-0.23173240703502776,1
-3.6472577463930236,-1.241365125172496,1.3866245362310323,1.6139593515717943,-0.17299137959921004,0.5970636253001114,-0.2938908066529178,0.407588956553428,-0.04341318056591954,-0.609537730579504,1
-2.3461868509463972,0.6827413168581341,1.1327338877159143,-0.3031037282893966,-0.541675698340331,-1.418525958181876,0.055442074620519956,-0.18533517332992194,-0.011960212936735428,-0.9148127929211857,1
-1.1429969265444482,-1.9621714940329265,-1.2407197014861508,1.4790765774227503,0.4841824855721692,0.3043702377184306,-0.5355047971530805,-0.4370846361170448,-0.28404037542352417,0.134243737881566,1
-1.3508573033340383,0.3695739019883869,2.4866756580176372,-1.1407176653426052,1.9058645570955925,0.9309493710019746,0.7885685150811581,-0.02925047008384485,-0.4555817553562948,0.006206594665518028,1
2.7633707862882275,-1.078633509114455,-1.179623946890311,0.4141590756722114,-0.164611595367983,-0.4591641161998221,-0.7430192992457227,0.0466756970108009,-0.19299336000431963,0.8059065394897076,0
-1.969323605036962,-0.17584850844456004,0.4207313770485581,-0.7863120056521532,-0.8612525121549063,1.5866873900896563,-0.575102485163504,-0.22155830459497758,0.3334043884143677,-0.25871953203616055,1
-2.9311870554329724,-0.4948562290540505,-1.0170708877928838,-1.6864230200643824,-0.565730176292718,-0.4689284615987525,-0.03421508024105862,-0.19334319991693538,0.47660770370619293,-0.6804100921130839,1
-2.926374386148088,0.37733225716641583,-0.8867938360862195,-0.11534487260760572,-0.9856802286159251,-0.334456075052692,-0.018664648281234878,-0.897150236155903,0.18968498184082716,-0.3994225453976195,1
-3.996188277418938,0.9598560897493777,0.20440412711930803,-1.5102303028279427,1.7092484427399706,-0.28569629331543533,1.290107725625709,0.31180416476961753,-0.2086326427707262,-0.6827884366381353,1
0.15513805947576273,-0.43800822820365326,-0.4614456945894211,-1.4545331054038724,0.8558402889361827,1.2428748306648716,0.1694419335185592,-0.3037738933666642,-0.023157859616631707,0.4964203705231235,1
-0.9340908103782086,-2.1059455911936955,1.4329170260008444,-2.8942616646614967,-1.2754158320415914,1.6266921163534778,-0.5476041110015993,0.8500746079423129,0.3686828039270714,0.2921907946266304,0
-1.9296217302594951,0.8924666899999519,0.04234474478132006,-0.558884299189972,-1.2803302802053929,0.11682940170737692,-0.4684228947845714,0.6676559045258829,0.2660538806230714,0.6196763951784494,1
-2.6223386017021943,2.5021016179899624,2.434999499656419,-1.8780131580416395,-3.150816647309858,-0.7836538564225146,-0.1886321518529952,0.15650616252666216,-0.28406743331558865,-0.06571332830704381,1
6.003616591375694,-0.09102922217172378,1.711201670617655,0.9473749161138094,-1.175036077152526,-0.8562049663835958,2.5045963372406086,0.05631979817043386,1.910407532608676,0.03132177130124266,0
-2.9218778045815665,-0.009212681127220063,-0.9013034828018602,1.791328544879853,0.5769796868401458,-0.23980998083072516,0.676003402332023,0.29535775927341096,-0.4996370195618619,0.06925759360203244,1
-3.341944803948107,-0.022224730441464394,0.5033012017103805,-1.1422623205401015,-1.5647613938518947,0.1677578074900864,0.07552719745244953,-0.12504373987485967,-0.1610341100981596,-0.5883036712510323,1
-2.0149150334090806,0.7784521313478762,0.12557879480772685,-0.6597357794725517,-0.021929717123162783,0.6893207634350526,0.07556516362300192,-0.0452400659829061,0.7793000500101434,0.30613181109242726,1
1.9884621055515446,2.3160480540153037,1.2363039418155248,1.769776073854149,0.14399580136658774,0.13359583643792614,0.365436938384336,-0.49859577861960414,-0.7123677374618477,0.005233878416426419,1
-1.669603930599317,0.8623188526517412,-1.0103061713899686,1.323895217875454,-0.28156783777993,-0.23939661461162814,-0.7280751759955486,-0.5912705208404571,0.7338614930750694,-0.1563044361623271,1
-0.3711781135112184,0.11361265873906501,-0.9983635735533924,-0.15536988365994947,1.4759557189657098,0.47596213861364417,-0.08897629954752612,-0.5952503160155735,0.24129168462068962,0.19732975768766414,1
-1.8489599298361281,2.5412296491284585,2.0053476092532936,0.4843720206730787,-3.5086454871303183,0.5345345178464053,0.6996349113609698,0.021421554777582247,0.8151963260843479,1.3139654122549844,1
-4.70304220211732,-0.4323024307666911,0.0053050870055848,-1.3706086370045483,-0.085099576031319,-0.33007389617209026,0.9947378054109869,-0.3738475737598879,0.1787373248730974,0.3768304394404958,1
-1.283187150789517,2.5509093102132714,-0.08386034665512199,0.7715122509421196,0.5569105398386464,0.27000152672853944,0.5114148118576552,-0.06901394050905942,0.5303758069894706,-0.20828388913630758,1
-2.3142468193076646,0.40203147729644284,0.2746231949780888,-1.6704631787113344,-0.5367110874483794,0.50837481071807,-0.13889409673045508,-0.21597931738597617,1.149426166820453,0.3342725170262487,1
-4.659085176412471,-0.7822987564629491,0.19212192079326018,0.4936819118982645,0.5361221189277267,0.2260418104043775,0.2264514692747151,-0.05937477255887077,-0.2216119292124695,-0.13449887582398035,1
-3.9434733817386003,-2.0300162870850094,0.6917357207783212,0.5134062449028157,0.3401145568472598,-0.0650973714875934,0.05022635843428127,0.5796326022301448,-0.1976041803828285,-0.20047333723513147,1
4.949858461561056,3.0060641293419,-1.7540716848350204,-0.6723605117040229,2.8647737809123566,-0.30708103764177314,-0.6498339702437379,-0.20491642446480818,0.4986417381175105,-0.38255296893024876,0
-0.9158035193222961,2.479013128784408,0.36260668884106007,0.26196651889849004,0.13847178703668944,-0.9912359543642164,-0.05120349677184963,-0.09396364580610207,-0.6269675474440111,0.10957485503983896,1
4.549111146624646,-0.8160005055611235,-0.5187550873839685,0.9163397754088963,-0.0714860210521775,-0.9308826556300469,-2.2564485426739287,0.4666730942936054,-0.7802388264319746,-0.49491810844643924,0
4.442342818128018,-0.9924388979924949,1.4423190865523594,-0.5750346009116518,-0.3575899932319284,-0.029967377354285524,-0.3232773254840965,-0.18429698437870073,-0.21190468455838463,-0.11002036951170496,0
-2.194984301023242,-1.805353237803034,-0.4351094065633778,0.9539430634924356,0.5538004105867921,-0.16861155887099757,-0.23544583053923274,0.2583925916293582,-0.2322715273269953,0.16944059625964572,1
0.6644409146890266,0.4368608556322941,-2.680781878688537,-0.729226618490158,-0.027787379291246736,-1.0820506677489097,-0.0010506557275373402,-0.12761772607596542,-0.009943409330011716,-0.4810747497366465,0
-2.2408760536445893,-0.45458951147747917,-0.4655275893866779,0.18872466194742296,-0.8282932265184744,0.9533192299693622,0.673478446159616,0.31771433279942796,0.13815681278901704,0.5455911917200125,1
-2.1251804369198988,-1.1947969118130268,0.4903719872376657,0.8553963498521319,-0.10593586654536223,0.19534269747590263,-0.0034522561005488326,0.4339541851098914,-0.14082297113601053,0.18764541108432897,1
-2.6153174112190447,-1.832060432563119,0.7643295577678607,-0.8231658619589616,-0.30078722636004696,0.08993782405070298,0.14634310125538172,-0.3780221306100785,-0.5429734200798205,-0.21925174563841143,1
-3.210967975660324,-2.2351427041449043,-0.1662244284126901,1.13005779820032,1.2601888159915164,-0.10359136282675911,-0.23537310176700818,-0.2904733343386435,0.059292541856302075,0.505943468034147,1
-0.3067503987005578,2.1849988334050336,0.039286241293249355,-0.4864556228372575,2.0894499364397565,-1.1041435631417211,-0.13486227749798427,0.33707358010888017,0.5554620630404054,-1.186894611749658,1
2.472356916777719,-1.499824751683264,0.5914532153891653,-2.2673514985022982,1.4058401736093802,-0.9648581305211165,-0.814302925133874,0.9107753738021849,-0.011734431421534693,-0.7365496664767731,0
-3.4547183721090837,-2.1364615481537865,0.1971626731763161,1.534176887011452,0.9428753091635068,-0.9371160951686139,0.6832630727409148,0.21948667281012724,-0.308993615674655,0.2826931512992887,1
-3.900526848051902,0.7307759703659857,2.1360711067293465,-0.7811728877991084,-0.8325514757515029,0.8978211728297201,-0.8910794066856076,-1.0951612670100845,0.2557974808704357,1.5395989874293914,1
0.9817275419039779,-2.2104299470611855,-1.6999192275293395,0.9709720158633823,1.1832583087912367,0.14365294194613015,-0.45711140978813986,-0.06783316909199702,-0.45026525409951124,0.08307072256753882,0
-1.2572515710208414,1.0676915149300785,0.25947526889608746,-1.2417521373914744,-0.3932158108889793,-0.6997706228886422,-0.49818157204908475,-0.2280828617027205,0.451391821702182,0.6770539752893606,1
3.245413648912564,-1.7783586321969918,-1.793153671592678,-2.4850594556090866,0.5503521053526691,-0.5986124696512943,-0.4696018824361727,0.028392174205628617,0.2354079054781297,-0.1532144132033617,0
-1.55721941252858,-1.0379271063301359,-1.3012450772277924,0.6216725940641945,-0.37935338768163884,1.5356984378394427,-0.29079919087531586,0.38937036660078084,-0.11541249921412472,0.3466580163890541,1
-1.2492580966893758,-1.5888387892687947,-0.32641343924612126,-0.9253221243085255,1.5353498746662757,0.012065218603421794,-0.10117706489229113,-0.37360604464034236,-0.07207560674370062,-0.8157815557382236,1
4.331653344538802,-4.04933241838134,-0.1925055270931556,-0.2906134531704574,0.610840766256487,-1.4235883180513402,-0.6701406845895072,-0.4949140145519365,-0.504668293088223,-0.35021533007473676,0
-1.0774513298951875,1.803618163136644,1.7810416311069643,-1.6289522525382631,3.741753933084919,0.3424346670668795,0.929964482044139,0.5198996052671419,-0.8391921762182019,-0.32262045143763735,1
2.511753102257686,-2.5288075834227337,0.7982023048462253,-0.8236745842169106,-0.42926395451465466,-1.831534782365478,-2.4042990402550717,0.8927960958728923,-0.15219933312444775,0.0760260062557407,0
-2.2170923054482254,0.029891288100496145,0.6364601350317429,-3.376701147006883,0.47999472516607117,-0.48464635684859547,0.04299831566747984,0.18963342824928014,0.11537046212855118,0.4095380947677889,1
-1.1738306467828863,-0.4748395050324394,-0.48157091172004624,2.1439593855310926,-0.24330051808370856,-0.4828604440543438,-0.5075106849287107,-0.4051341157761547,-0.5537831246421707,-0.1735682935316904,1
-2.8363014443340275,-1.0181258063408125,-1.4866300050383052,0.4564056757096179,0.11470496836298383,0.9738357403898645,-0.15046136866724807,0.04935122934826967,0.5073948607643147,0.17223528789464246,1
-1.857085898872909,-1.5713931191063506,0.8264827458704906,-3.93024947722185,-0.22082664673239788,-1.1998402161706252,0.3367878540111597,-0.4951914171025593,-0.14795117573978603,0.10176407808805758,1
-1.3286143729568225,0.7770956605583839,1.2567582289131867,-3.7855436101246434,-1.2450630211240874,-0.22562439623935093,-0.749763680142293,0.22456732638099888,0.47787907629921467,-0.5366372715156278,1
-2.802771356775516,-1.666301634230745,-0.19401832619739284,-2.2331074219687377,-0.20524666705682332,-0.572171798769275,-0.36156688946011545,-0.006887531208948849,0.43722919296277984,0.3021995753400382,1
-3.1745687967642717,-2.0757336194050073,0.07490026838981283,-1.8698290299564593,-0.20932679983580335,-0.48256591757769335,-0.17958487807868087,0.043736157742173654,0.5105750757601134,0.6739595848231035,1
-4.087077360932651,-0.48471007937068894,0.6313640086912211,-3.4027328445997695,-0.01822470796129395,-0.30982128886585814,0.2306266569768265,-0.1147382966581217,0.6659450447312587,0.3201860285983054,1
3.4754937481269854,-1.6728843912638809,0.8568267989951001,-1.1567678813660842,-1.3825714291632452,-0.9999209062780321,1.1156336747402225,1.1182683154298427,0.6896447221597009,0.5542258177999622,0
16.319233231047626,-7.7758528040036285,6.235415560359093,2.3280731721481494,-1.7094558935843598,-1.1248214794897062,4.962495534476675,0.8875136523058101,3.594769914838252,-0.5876939060360421,0
-2.56011501801861,-2.4940454475717555,0.17031258572163224,-2.109756584856379,0.9792388341231216,0.48875513751848154,-0.046270608356830105,0.5318367171592906,0.38408773265527996,1.019823187456934,1
-2.9688887959201935,-0.06884713569385364,-0.7784115662716466,-0.046666813442892204,0.22820687036192797,0.34489238810285855,-0.07660154408452859,1.083576806189078,0.16323443847667818,-0.4967908030797836,1
-2.757430451020899,-1.7939187681548507,-0.7578141189747116,0.024118278435686466,1.2839123814706603,-0.6588326937838125,-0.31323362861743825,0.5954830462959907,0.25692276214885723,-0.16019482864582915,1
1.3703398754352094,2.1100113491263124,-0.8537202503225181,-0.7237684311772705,3.824379177634428,0.2234202953688523,1.4713794573414511,0.8049269352173459,-0.005548159249824801,-0.40652056889133437,1
-0.41766449254748106,0.1165196970694294,-0.536142595168874,-0.3641990606892658,1.513457087852546,-0.5557006917833368,-0.21728711135647594,0.8100998443856092,0.564003906114496,-0.5886683865644139,1
-3.838398622984241,0.8991786485431131,0.7005639498206683,-0.21993976903770873,-1.3371628816860883,0.07674451685040222,0.6410428340734535,1.3574030432361235,-0.06838335632122267,-0.31249261676759454,1
5.930964859577138,1.2282966821735883,1.7215877553402354,-0.4735822645675142,2.883539349365135,-1.1002376833028522,2.0243199338919573,-0.4839885185968094,-0.6796696369691609,0.6051679739755873,0
0.6454786474953447,3.4260114209830244,0.6082849592825497,0.23448622679265166,-1.2096985638146105,-2.427851392304063,-0.9417139672500011,0.13407697582265074,0.3751645658045636,0.030080894941007175,1
-2.6838464009836236,1.4435555289327462,0.33940349900084454,-0.24481701187224172,-0.7926918670908315,0.9256296955415999,0.4960041638363822,-0.2717320551377056,1.2081049160147757,0.9410379851277852,1
-2.0416640521069986,-0.9032559294754853,2.8432414083983186,-2.8858314240205933,-1.0167094782627386,0.10446044190875711,0.31958573355085146,-1.0333001177203898,0.6088254260821422,0.3976975998015385,1
-1.3992963501076303,-1.7722262453616162,-1.4795615602036394,1.3081089960379166,1.8053147389941322,0.6154644492075748,0.2802201265848803,-0.06489493337009737,0.00024907642083078167,0.10251460322876409,1
-3.5364152954176773,-1.2468541535205941,3.3854111249309162,-4.6660509636863035,-1.8757278656589924,0.8903976069314204,0.9255099882846748,-1.0867804223959274,-1.2077187793990294,-0.48439302866068884,1
-1.9905294465912937,1.8994625506957907,-2.0309980794297324,0.9119054690743221,1.2315544691970457,-0.4196278065153406,1.287892690222096,-0.4036380113017722,0.13892895823115253,0.22112714495716082,1
-1.9981853671267298,-0.2063711365043652,-1.6413250738635934,1.0392104980578016,0.90421094853433,0.3676287433017126,-0.34478077623441944,0.3453650864673258,0.42559955287115775,-0.36584354019689513,1
-0.5206581123087654,-0.9733678106680898,-0.32413537963427247,-0.5439993660472424,1.4294366855182497,-0.04919901420783061,0.22270280170322426,-0.19539724087433624,0.027765072953398577,-0.40765208324791086,1
-3.1723704882469996,-2.0890522980078248,-0.9788057315489656,0.3870971021394917,1.419475583250683,1.3383654025144414,0.537058133861304,0.04199033459132734,-0.041933796923383504,0.7870304303106609,1
-2.202710189059443,1.2860393186649837,-0.8873992158041522,0.7011030482184916,0.17982114855721795,-0.02405210635635755,0.2729363405057832,-0.6517622523986503,0.25930358434299644,-0.5103210896950008,1
3.8244330429461058,2.3052363164794074,0.027546195535666212,0.6702588821469616,1.2897652479450195,0.8090946835256619,-1.5682760231534163,0.2945501366958473,-0.13556189699537835,0.23555663205132407,0
-2.985484690320415,-0.6733392441907241,-0.5904898822143393,-0.5943502866530187,0.4619693048200788,-0.5454030858966656,0.6173994536803743,-0.36110455641976114,-0.18554577762932048,-0.6059240605120657,1
-2.4810551072777116,-2.3639587605413213,-0.4326145664375802,-0.38346967474350535,1.0381214037177948,-0.020466912215179753,0.5600934507825326,-0.23918281614555814,0.2822328101964582,0.22992984762418642,1
-1.2721114612807396,0.5098338482439587,-2.2389916788740654,1.6723763763823618,-0.11760645322973748,-0.015478844082926348,0.03423030753922389,-0.5572663813241983,-0.4107301122759408,-0.00015660744981058465,1
-2.2351568880735875,-1.2987044936885985,-0.901436896088529,0.4340941171777628,0.1829260233861805,-0.1634326531423796,-0.23652232798651143,-1.1115126739894374,0.40532532774388375,0.08676915839074549,1
-0.056183104307176386,-0.22738339293781387,-2.255515652707267,2.710600426960865,0.8017853825887054,-0.960569771515757,-1.0384063290372116,-0.28158738254392196,-0.27414207229535875,-0.2518559396927365,1
2.3173906062772796,4.3891343349887455,1.7784111272166143,0.9694155925152275,2.6453765766309836,1.557117060967188,-0.007413703405604119,-0.10364100285622678,0.6213333111705789,0.006658993909922077,1
-2.284331260846477,-2.46684075635996,-0.8211884846547063,-0.040803196608068255,1.0927813204145553,-0.10101401314078166,-0.24822184817401904,-0.23706332251913953,-0.19035523152007536,-0.7374310089826431,1
4.754614870661983,-1.4894235604144428,-1.253751106012016,-0.05258699700336767,-0.09662476964725307,-0.3553730081289819,-0.6255169441904262,-0.5325227507217953,-0.5734492776347843,-0.7423539029524672,0
-1.7263109176828073,0.9981778354444872,-0.08023841458396316,1.0646470600868942,-1.4356170191731745,-0.8660553331872796,-0.3429320883172272,-0.10800667095240334,0.3878068218094529,-0.08963173152403037,1
-0.7417817670614283,-2.4520349660765497,-1.9977099429720637,-0.45793976010562826,0.2612910760232844,3.203558472630254,0.16833247096230491,1.038380245083174,-0.23365719098099944,0.5210526733194644,0
-2.8943106610154192,-0.9779443192152572,-0.805644241534257,-1.7207792586855553,-0.028983544689748626,0.21190399925161088,0.6725137054361678,0.4786987345822169,0.09462556872850514,-0.01497532076946059,1
-1.6545218459187077,-4.555664122469318,0.7523230687233121,1.6483228172808706,1.4030728697806392,-0.5534032345224561,0.12242936766513886,-0.3394275954576594,-0.9660076826108842,-0.6857685959022165,1
3.1035197039308127,-1.2361532113280866,1.287355080629172,0.6086489051576852,-1.1222598857586379,0.9300496267881974,-0.19737950217061448,0.16164810361662532,0.030367063842824154,0.5664980382111461,0
-4.064270597753646,-0.5609542216374208,2.176684803927468,1.3758683586087022,0.19946518537347757,0.5647368494182418,0.2688821755390143,0.5164795212714179,-1.235086865054996,0.027095079932758656,1
-2.7933306574664125,-1.0778881331490509,0.8445421121976107,-1.110207554986374,0.004869668184071939,0.5656032943884911,0.4689917565053838,0.5743877821981587,-0.3570924678837848,0.2897940954887189,1
-1.4749199376069049,-1.5910942013615725,0.31999144590039375,-0.7988321532776108,0.15805758203582423,-0.4380661385546196,-1.0438263076419307,-0.7601551899978523,-0.479591969497242,-0.6401018514553573,1
-0.22939463704566374,1.5159034179670434,-2.2162830067967128,0.5555697419931501,0.25120186719846105,-0.6025604947204581,0.41004342760905127,0.1416682902826575,-0.1268182107242483,-0.5512429299224265,1
-2.5532584076090283,-0.7639004851670246,-1.6094031183711868,0.05992787118487059,0.5058449866973955,0.21379694727959744,0.09832562439643205,0.007366419804439631,0.10062689766071117,-0.5824530858411758,1
3.7157051034558077,-1.0586862196336078,0.5219535610872595,1.3970017632765532,0.3686143870432934,-1.1046104823588394,0.6344602264401055,-0.05913928511532931,-0.2870740837869073,0.3935280886823462,0
5.094841843800801,-2.0192078340113446,-0.7093696945471535,-0.08279495338460902,0.38381690974488236,-1.44793591371593,-0.5734946769197468,-0.6501200126056551,-0.5360451279507926,0.25121559274501476,0
-0.6006161135557152,-0.8384546630602118,-0.687041968882688,1.155333807812088,0.982432607216824,-0.8532305082533825,0.7055310318282776,-1.346938722328731,-0.4889448429772475,0.4166642148211425,1
2.7903998294265593,3.385560771800521,-0.7530763211327526,-1.3331817450161443,-1.5855315767755134,-0.5084176050101512,0.2071627514476531,0.0801717157405945,-0.05170953306401641,0.9756450853764144,0
-1.4087712143922464,1.5057705922006013,-0.35389601523014685,1.1217407036105007,-1.8116702751213747,-0.2421453781869129,-1.0461587689285141,0.2101316376933805,-0.0393980786258884,-0.1875682881158733,1
7.25917884079321,-5.495735719278824,1.9109258797297763,1.895716661073848,0.39637789040463267,0.0663913943559689,1.1539848964437027,0.9925663278161443,0.1675242103501243,-0.5700799535124781,0
1.2988665487945317,7.729852801666528,-0.6889146537683969,2.8927274052925798,-2.015354844661409,-2.2028561086317158,1.0259963807029886,-2.0306739420946434,-0.23681144761143122,1.1463669243346548,1
1.0766932756437269,8.294775448814837,0.4341924620882129,1.95418981380208,-1.3958720041901769,-3.5118781761424107,0.6047924707515141,1.2796260763900476,-1.8741989205356782,1.0210314717858628,1
-1.2497605247643582,1.5956838545662635,-1.3564745806899539,0.12626748217735342,0.023420073706012623,-0.4851496008023856,-0.13607076536736176,-0.6656297612585194,0.7785688454298667,0.9401354180324506,1
-1.2569284056200816,4.117186681523432,-0.41272977167489167,1.0541736714385537,-1.1395269718832401,-1.9490429282596917,0.4886229688675412,0.25528844159298947,-0.9073263234791156,1.2766516858448222,1
-1.1665352144773864,-1.665693735744295,-0.7378780083213178,1.7621671180587988,0.7383522541548885,-0.8347113703636115,-1.4101274758032762,0.29824100328892444,-0.0737969175954299,0.6476694188838112,1
4.094142557249435,2.802927249684076,-0.5074334183335412,-1.977318405523905,0.13282518593469034,-1.6035214961094584,-1.05429639169841,-0.35688236135152085,-0.4292758432871355,-0.7309433515721251,0
-1.8876392413579475,1.672191738742333,0.11979761611826865,1.218215196458821,2.568069921049473,0.25389179231641795,0.5477364698580327,0.5425310469117974,-0.6181928671898694,-0.0917078250285438,1
-2.767435702844358,-2.161048794989608,-0.021096168902647452,1.610275734981019,0.7163787039784323,0.03300895472694645,-0.8760673820445493,0.29592411026111154,-0.03344220328238353,0.3415795032352938,1
2.2269944892075926,1.9416347589999525,-2.2856034998861374,-0.33986067677322485,-0.5368573500599337,-0.1368205352975099,0.39326325710349797,-0.6152774320608039,0.7154181042438464,0.1217066004357695,0
-1.1315768907462551,-1.4110019654311317,-0.5650531252154586,1.9949607145013424,0.5284875756558517,0.07255811755142783,-0.17596898450913584,-0.2553011347507157,0.3116943971653028,-0.21410045885831727,1
-0.7337724522345719,-1.9436971834149341,-0.2752361995312397,-0.3378231437061373,0.6609911349703828,-0.7743052304287734,-0.14559679934576472,-0.5003661584228855,0.27077191646766047,-0.40863317171373725,0
-2.3336707368111687,0.7901466072834915,-0.3500434073230818,0.44085955928225556,-1.4225501754712295,0.046649053909831706,-1.001403547411351,0.30723212870246724,0.6561776856302303,-0.09081324240225919,1
2.6972237543914357,-1.9437099458184115,-0.9605644495630183,0.45950865108758654,-0.5844984129970839,-0.4917255003357631,-0.517208717050248,-0.050072324037579656,-0.13147744087609964,0.22607109018878582,0
3.3790146677139665,-2.3334289450170327,-1.201932182232384,0.5536129533816246,0.5278807859676403,-1.0185728341119515,-0.026131436461427633,-0.4437462312071122,-0.6587507798945934,0.5304052068362448,0
-0.19987058013516218,1.0763600031307972,-0.6731488288007109,0.6284454970878302,-0.8402503990409365,-1.2875017805750784,0.7487133673883661,-1.3765152514624857,-0.2577645845082413,-0.208260079036689,1
-1.1760259132306514,1.011370177751381,-0.7117683050970453,1.0660684563424787,-1.4219009232537807,-0.2654395834114531,0.19444549182971407,-0.4627174384936759,0.3580193318009613,0.7947784516511948,1
-1.2926365392779413,4.96422470217692,0.3459270208906224,2.2405348842073165,-3.8405298803851253,-0.5486177141781582,-0.8147892523120809,0.987977437993062,-0.07056660123883686,-0.053779502325510486,1
8.630755859095993,-3.459451915114479,-0.17905679360413718,1.1771640712391855,-0.022905307032924187,-0.006691031527229441,0.9620203463855046,-0.3979722649923391,-1.2577450961523637,0.8494385914312166,0
-4.429456371069077,-0.7860360357019024,-0.47341909351133377,-0.6966169884239684,0.10380442851062692,0.09718106562472814,0.7225178635439982,-0.5085743914624258,0.06060960365207692,0.38820490364094784,1
-0.6198387404438751,0.6363492700751848,-0.4888512502735881,-0.015154454855443698,-0.1064066788182837,-0.6007163745868639,0.13930926534069246,-0.29541698072622885,-0.24398174332007758,0.0023437170939136233,1
-3.252315768617528,1.2859251612190825,-0.21847648861311927,0.3078082300122152,-0.09942903644765455,-1.4031994787992292,0.9536161717384221,0.3002356962751764,-0.5043404915382909,-0.7853214085958754,1
-3.352927053545839,2.6733005976754245,-1.7790870813416289,1.389585988667323,-0.35444111176717313,-1.2112738799310525,0.8167573212763294,0.37339251817714403,0.29323373082156345,-0.36131212670177776,1
-0.859802985996444,0.09684852259428833,-2.814044726472159,0.18432390260381235,-0.6300754213975861,-0.3650392140267215,-0.04625660617245195,0.12574722587220408,0.31257204742855493,-0.2471339008221727,1
-3.156621968680131,-0.87154262364049,-2.1957147878688987,1.4498676245648998,0.43143586206280743,0.3260571057959875,-0.09453345013699183,-0.14928211370287625,0.31918690769190405,-0.22905191016029758,1
0.346528113194822,1.5412252757786729,2.8464540017240414,1.9098114724135513,-0.5718343616642266,-1.6874945166428807,-1.7124120084272094,-2.4106603374105595,0.33320459046439893,-0.11772722533399581,1
-2.4614066509267483,0.6008479692122443,-1.1714651373672198,2.211053932904613,-0.6919118985476491,-0.8526901491580733,-0.02887401595716877,0.20527868123618817,0.03243414520915374,-0.389849251251758,1
-1.5301007215874902,0.4052177892727867,0.6044647412459121,-0.34717148443403556,-0.7860472797073266,-1.102130585960207,0.08702826965144725,-1.296592029816391,0.1616579330616488,-0.9111215254887567,1
-1.7735850660580545,0.8042100124088201,-2.0279180420710095,-0.6873331767263516,-0.6160920282953752,-0.2893278689218535,0.47345271907093495,0.06968008100078993,0.5439433070117596,0.05726126611555594,1
-2.6804416239656685,-1.4847089005567597,-1.7416933822759546,1.0234906162187418,0.29746872524071305,-0.19807778512843804,0.43413131028387775,-0.16912316288197468,0.024851710445440555,0.319411597619161,1
4.028435261069835,-2.9414300980954438,1.6594853951778676,0.2251672999386959,-0.5135947371258333,1.9362225764348335,-0.7282259945960821,-0.7579850186101655,-0.17613878223827875,0.2704743977984269,0
-2.1363512285982798,1.5185806390052907,0.17896523386896857,-0.5007767143315699,0.6830474472603775,-1.5516758168287028,-0.7183273561076993,-0.13975219151711407,0.1884552714657912,-0.3705104096362082,1
5.165410948303378,-2.382203231597311,-0.4222772831131928,0.8834276186876503,-0.20940818281163687,0.5792299774113491,-0.5434877508001655,-0.9527694253182298,-0.24802981703227944,0.529152559065719,0
0.5359319494336928,0.38071514574144494,-0.44313477890996417,-1.8793719196382084,0.22686944498581496,-0.5238389696065107,-1.15057122436024,-1.0920913077643626,0.32420531943213193,-0.10396855919653773,0
0.3431233829497967,3.5344810520112753,0.06966880214336388,-1.5506703464422202,-1.9569208706855428,-2.3395179196115916,-0.4835064381998145,-0.5024248841698796,-0.06986218870502034,1.2799566322356932,1
-4.197079986346022,2.367392283026118,1.3271447297283863,-2.0395039560765107,-1.7619167518307806,0.04242899291068812,2.1687554628341643,1.4812167052763983,-0.3230884415201362,1.181157587991801,1
-1.142831864614044,5.599458470116072,1.3010370139703953,-2.188249661383638,0.7655746582836744,-1.1592267359461461,0.1915354767269263,1.7981397333418112,0.8768273328868991,0.9492974753707744,1
-1.665475153215296,2.3896181247856534,1.5022494417143704,0.8759511395562939,0.4845455765749073,-1.1895181748477837,-0.6777552909457242,-0.1466430073801021,-0.2916471672164387,0.10273232720908466,1
1.0117124957291341,1.0923896495910224,-0.6326983820464582,-1.7585184199607533,1.046826439268361,0.4258946851642296,0.3982857396380936,0.8360355169834156,-0.3841462406769648,0.6196268579893547,1
-1.3009297119596845,-1.8214153017697412,0.37330749974158217,-1.8481689449168128,0.1996270681680332,0.7657543267810091,-0.4667152880068214,-0.3985793774286631,0.36499688624887583,0.7948361331816849,1
-2.373428725007897,-1.6815762382072077,0.3845281409249028,-3.0167286400082824,-0.03824666157333138,0.0688135512794438,-0.415222381581199,-0.5083931110130465,0.2782727686854045,0.28783497538582753,1
-1.6658710117954003,-0.2139627401189421,-0.14807242254935357,-0.19705174767641734,0.5564802422763931,-0.9315821559968332,0.5243196554161987,-0.30070232256957513,-0.3566225757644935,0.418602526418839,1
-1.9276781923753366,-1.1377399161010904,0.478202296322332,-1.157500401651713,-0.20234191865986853,0.11489827275718527,-0.11625479679954961,0.013630366722367544,0.05805406524995916,0.13243013188712788,1
-4.237216617941771,0.1842724970020177,-0.3264184058828654,0.5883033301092345,-0.7046267711797679,-0.14609125485833033,0.25985703429471463,-0.14956822507974393,0.5648531651703368,0.5751735527665921,1
-2.6778707208450063,2.3157928229877767,-0.05384820586115742,0.3404496517614629,0.4506481680211059,-0.6783477047964388,0.06410096481903635,0.9709669822510165,-0.455276946829426,0.09538023392901238,1
-3.836497851795649,0.49624992860448397,0.9232396878822291,-0.5518716751902243,0.08003561754306382,-0.11266880286111627,0.4744865551084828,0.1698453796238726,0.4105491840728123,-0.21960828330681176,1
-2.551440295955017,0.2283299573762529,1.4141780098652257,-1.9707898174738798,-1.456325142441138,0.8555217733800877,1.0219211487741908,0.16049032833207114,0.44713918085424603,0.3990743327179924,1
-4.694923445155318,-0.7674779440788179,1.5439648405431647,-0.779019018473385,-0.7848969884589245,0.8513735573448707,0.7526683079301887,1.070425699400742,-0.5893179502192457,0.06891071997873288,1
-2.025037164131706,1.2612419002012616,0.5049260918656457,-1.1355273894649394,-0.11426264832535578,1.7847769523436101,0.3904952978280368,-0.8744241981810015,0.3112386445316941,0.3656927406161464,1
-2.8959482055197983,-1.4516357644197835,0.7805459968327486,-2.9704481972774763,-0.3571499658016231,-0.583202610679933,-0.6184118253186531,0.9392222284299977,0.3625398958270198,0.4489162382452474,1
-3.5022010405419532,1.8008324922613275,2.766456641093354,-0.8663072851835192,-0.6253646730452047,0.4122696180953451,-0.30766583424096966,0.3579096009819117,-0.14318143462169358,-0.4518825225520724,1
-2.153903667399423,-0.830068818499621,0.5647967230010879,-3.011755927074405,0.5658252803605791,-0.5504027102341724,-0.4844053652280764,0.8931822398958025,0.4354842612351008,0.24413707551885983,1
-2.0550840679926328,1.6164592680065166,1.8389594664722995,-3.11353497943347,0.21104268417416314,-1.6418062148518215,-1.0888526521668904,0.3501942925495308,0.515062317934119,-0.004952000647428885,1
-3.877289579397812,1.0842547444859154,1.8599439090085133,-0.4337396688409825,-1.6874388063433388,-0.814892693438876,-0.47107380260899806,0.07138423785114278,-0.7018809287633426,-0.07064285376141144,1
-4.063862114726193,0.12216843517744447,3.23877264580343,-3.4691829478457143,-2.241908110822589,0.17490912765614947,1.0772545008079775,0.12949314024305048,-0.42703012793217643,-0.27728322788042864,1
-0.09866733268603353,-0.21355983831052708,0.3889294649034265,-1.0127105249149069,2.989067752269098,0.012452202448222155,-0.2902570008068352,-0.31234364450055646,-0.0678622246746615,-0.3257680594241679,1
-1.089376190066078,1.2928478982979617,1.4293788871435655,-3.372136457941165,0.9473415790087418,-1.7258698680743956,-0.353974861616284,-1.1643390649067764,-0.20749268394038708,-1.391705942764614,1
-0.4817709648411141,-0.17801969105033116,1.0321075850440715,-2.0102801897558216,0.32710319730888504,-0.9920622751324437,-0.04854561183589835,-0.19522007398622096,-0.32586195085094727,0.42907431686551895,1
-4.87030951808757,-2.1311061075351834,3.41418878016219,-5.133988304827476,-0.4889208043013402,-1.1107923479530333,0.4883715684615475,-1.2892852529571757,-1.3904796788181883,-1.7466625410185863,1
5.917612589161167,3.482636659243619,-3.2627916827361925,-3.917585438472418,1.7163821794444023,1.013598899544007,0.2714412219703056,0.09196331949468999,0.37249059713411176,-0.630400353659256,0
8.741338077267068,-0.5738546723012511,0.8970900974698515,0.38514991076397814,0.6790432871063186,-0.30075280671096366,0.09482405138320223,-0.734082159573833,0.8310946375946918,0.4506421053639834,0
6.439315483940015,-3.576817444122245,2.459486555095068,1.1773140519381353,-0.07482431537042596,-2.3751929360692703,-0.5961297751409432,-0.035471708397325045,0.9879210372438105,0.2569799117134737,0
3.7933823700261007,-3.5840478640137503,2.088476386966613,-2.506027753317544,-0.5107225469890955,-0.24671011851459015,-0.7163263584150481,-1.1133603946697883,-0.1052110818953578,-0.10863526199518123,0
1.2561792761499675,-1.9022967131145616,0.5627305241343881,-2.089227019946267,1.8099913045603668,-0.5344472004475631,-0.19275803549044393,0.3418861138519016,0.39391618876410567,0.5208784990186559,0
10.374794059773901,1.6720101054032765,-1.8770293286583686,-2.3560311301581267,-0.033741911552009424,0.5679364900457479,0.22308176328096962,-0.2802378312587224,-0.5420329164789829,-0.08929633480773091,0
-5.475243302544961,-0.6706367907456801,1.4904430829535626,-2.2991571441620646,-0.18470327933825242,1.6178373931185246,1.6989518857951702,1.0463548809548078,0.3740994297359812,-0.04773231646957804,1
